"","ID","Description","GeneRatio","BgRatio","pvalue","p.adjust","qvalue","geneID","Count"
"1","GO:0009615","response to virus","41/119","260/9707",3.47349404679031e-35,7.49232665892669e-32,5.5978098796168e-32,"55932/15957/23962/69550/15944/20846/229900/20128/66141/100038882/15945/20304/58185/80285/67775/209387/71586/19264/57444/231655/16859/16819/234311/15958/54123/17329/217069/246728/68713/17857/14190/19106/11810/16362/80876/56045/20821/58203/76933/12362/16365",41
"2","GO:0051607","defense response to virus","37/119","221/9707",1.33303467095671e-32,1.14047767038374e-29,8.52095411930558e-30,"55932/15957/23962/69550/15944/20846/229900/20128/66141/100038882/15945/20304/58185/80285/67775/209387/71586/19264/57444/231655/234311/15958/54123/17329/217069/246728/68713/14190/19106/11810/16362/80876/56045/20821/58203/12362/16365",37
"3","GO:0140546","defense response to symbiont","37/119","222/9707",1.58619981972704e-32,1.14047767038374e-29,8.52095411930558e-30,"55932/15957/23962/69550/15944/20846/229900/20128/66141/100038882/15945/20304/58185/80285/67775/209387/71586/19264/57444/231655/234311/15958/54123/17329/217069/246728/68713/14190/19106/11810/16362/80876/56045/20821/58203/12362/16365",37
"4","GO:0034341","response to type II interferon","26/119","111/9707",7.58212516729479e-27,4.08866099646372e-24,3.05479832398114e-24,"55932/14469/69550/15944/20846/229900/66141/20293/20304/80285/14960/14961/547253/68713/16362/20684/80876/20821/15900/16149/24088/12362/20306/20296/16365/20302",26
"5","GO:0002831","regulation of response to biotic stimulus","38/119","367/9707",1.55771129084943e-25,6.71996650872446e-23,5.02074944482207e-23,"55932/14469/15944/20846/229900/20128/14972/100038882/20304/58185/80285/236312/209387/71586/60533/231655/16859/234311/54123/70110/547253/217069/14190/19106/65221/16362/15950/56045/20821/58203/12258/21354/21355/16149/24088/12362/12363/16365",38
"6","GO:0048525","negative regulation of viral process","22/119","75/9707",3.53528598560675e-25,1.27093531182563e-22,9.49565411221743e-23,"23962/69550/20846/20128/66141/100038882/20304/58185/209387/71586/57444/231655/217069/246728/68713/12642/19106/20684/80876/20821/16149/19288",22
"7","GO:0009617","response to bacterium","41/119","471/9707",1.09845419937225e-24,3.38480815435135e-22,2.52892237479536e-22,"55932/15957/24110/12010/14469/60440/15944/20846/229900/20128/14972/100038882/23833/231507/99899/16912/15945/209387/14938/60533/246256/16859/16819/14939/17329/110454/246728/20558/19106/17476/14127/15900/12266/14129/21355/24088/20556/12362/12363/20296/16365",41
"8","GO:0045088","regulation of innate immune response","34/119","306/9707",8.9599302451988e-24,2.41582119236173e-21,1.8049543691315e-21,"55932/14469/15944/229900/20128/14972/100038882/58185/80285/236312/209387/71586/231655/16859/234311/54123/70110/547253/217069/19106/65221/16362/15950/56045/20821/58203/12258/21354/21355/16149/24088/12362/12363/16365",34
"9","GO:0031349","positive regulation of defense response","34/119","339/9707",2.64035552151957e-22,6.32805206657523e-20,4.72793485783212e-20,"55932/14469/15944/229900/20128/14972/20304/58185/80285/236312/209387/71586/72310/231655/16859/234311/54123/70110/217069/19106/65221/13040/16362/15950/58203/14127/12266/14129/16149/24088/12362/12363/16365/20302",34
"10","GO:0050792","regulation of viral process","24/119","130/9707",3.76318412524901e-22,8.11718815816211e-20,6.06466831132235e-20,"55932/23962/69550/20846/229900/20128/66141/100038882/20304/58185/209387/71586/57444/231655/217069/246728/68713/12642/19106/20684/80876/20821/16149/19288",24
"11","GO:0032103","positive regulation of response to external stimulus","37/119","446/9707",1.97065487641533e-21,3.86427506220716e-19,2.88715082850897e-19,"55932/14469/15944/229900/20128/14972/15945/20304/58185/80285/236312/209387/71586/72310/231655/16859/234311/54123/70110/217069/19106/65221/13040/16362/15950/58203/14127/12266/14129/16149/24088/12362/20306/12363/20296/16365/20302",37
"12","GO:1903900","regulation of viral life cycle","22/119","109/9707",3.00263358338787e-21,5.3972338661397e-19,4.03248422470775e-19,"55932/23962/69550/229900/20128/66141/100038882/20304/58185/209387/71586/57444/231655/217069/246728/68713/12642/19106/80876/20821/16149/19288",22
"13","GO:0019221","cytokine-mediated signaling pathway","31/119","327/9707",1.39356697623386e-19,2.3122492059511e-17,1.72757169280489e-17,"23962/60440/15944/20846/66141/100038882/15945/20293/20304/80285/71586/19264/231655/54123/547253/17329/246728/68713/16186/12983/16362/80876/56045/58203/14127/16149/12362/20306/12363/20296/20302",31
"14","GO:0035456","response to interferon-beta","15/119","39/9707",1.68564686851709e-19,2.59710021099384e-17,1.94039500428547e-17,"55932/15957/14469/69550/60440/15944/20846/229900/66141/236312/68713/16362/15950/80876/16365",15
"15","GO:0002833","positive regulation of response to biotic stimulus","28/119","268/9707",7.98130000392218e-19,1.14771094056401e-16,8.57499670596833e-17,"55932/14469/15944/229900/20128/14972/58185/80285/236312/209387/71586/60533/231655/16859/234311/54123/70110/217069/19106/65221/16362/15950/58203/16149/24088/12362/12363/16365",28
"16","GO:0045089","positive regulation of innate immune response","27/119","246/9707",1.01576694980833e-18,1.36938081921035e-16,1.02311789483984e-16,"55932/14469/15944/229900/20128/14972/58185/80285/236312/209387/71586/231655/16859/234311/54123/70110/217069/19106/65221/16362/15950/58203/16149/24088/12362/12363/16365",27
"17","GO:0019058","viral life cycle","23/119","179/9707",1.47630865516844e-17,1.87317515835195e-15,1.39952232263955e-15,"55932/23962/69550/229900/20128/66141/100038882/20304/58185/209387/71586/57444/231655/217069/246728/68713/12642/15894/19106/80876/20821/16149/19288",23
"18","GO:0071346","cellular response to type II interferon","18/119","90/9707",1.8997533673655e-17,2.27653778522632e-15,1.70089029557694e-15,"55932/14469/15944/20846/229900/20293/20304/80285/14961/547253/16362/15900/24088/12362/20306/20296/16365/20302",18
"19","GO:0002218","activation of innate immune response","23/119","187/9707",3.98976152711113e-17,4.5294292705151e-15,3.38411351690146e-15,"55932/14469/15944/229900/20128/58185/236312/209387/71586/231655/234311/54123/70110/217069/19106/65221/16362/15950/58203/24088/12362/12363/16365",23
"20","GO:0016032","viral process","25/119","242/9707",1.0028424259979e-16,1.08156555643874e-14,8.08079870633047e-15,"55932/23962/69550/20846/229900/20128/66141/100038882/20304/58185/209387/71586/57444/231655/217069/246728/68713/12642/15894/19106/20684/80876/20821/16149/19288",25
"21","GO:0019882","antigen processing and presentation","16/119","72/9707",2.14804871155328e-16,2.20635289086687e-14,1.6484524197434e-14,"12010/14972/16912/246256/16913/15042/14960/14961/14190/15894/13040/14127/21354/14129/21355/16149",16
"22","GO:0002253","activation of immune response","28/119","345/9707",6.40140255384308e-16,6.27628423119979e-14,4.68925708609271e-14,"55932/14469/15944/229900/20128/58185/236312/209387/71586/19264/231655/234311/54123/70110/217069/19106/65221/16362/15950/58203/12258/14127/12266/23880/24088/12362/12363/16365",28
"23","GO:0001906","cell killing","21/119","170/9707",9.82782458795444e-16,9.2167902766164e-14,6.88622400190309e-14,"55932/12010/14469/229900/14972/15945/19264/14938/72310/246256/16859/15042/14939/17329/14190/12266/21354/14129/16409/21355/20296",21
"24","GO:0045069","regulation of viral genome replication","15/119","66/9707",1.36870363909539e-15,1.18158795906954e-13,8.82810514279321e-14,"55932/23962/69550/229900/66141/100038882/20304/58185/71586/57444/231655/246728/68713/19106/80876",15
"25","GO:0045071","negative regulation of viral genome replication","13/119","42/9707",1.36948071287615e-15,1.18158795906954e-13,8.82810514279321e-14,"23962/69550/66141/100038882/20304/58185/71586/57444/231655/246728/68713/19106/80876",13
"26","GO:0140888","interferon-mediated signaling pathway","14/119","61/9707",1.10122625044742e-14,9.13594239313497e-13,6.82581939042513e-13,"15944/20846/66141/100038882/80285/71586/54123/547253/246728/68713/16362/80876/56045/58203",14
"27","GO:0002443","leukocyte mediated immunity","26/119","334/9707",2.24632028049852e-14,1.79456031297604e-12,1.34078610114746e-12,"12010/69550/14972/58185/19264/72310/246256/16859/15042/14939/54123/14961/14190/15894/12983/12258/14127/12266/21354/14129/16409/21355/16149/24088/20556/20296",26
"28","GO:0035458","cellular response to interferon-beta","11/119","30/9707",2.63844430551683e-14,2.03254441678564e-12,1.51859332020536e-12,"55932/15957/14469/60440/15944/20846/229900/236312/16362/15950/16365",11
"29","GO:1903901","negative regulation of viral life cycle","10/119","25/9707",1.46325241574785e-13,1.08835705543728e-11,8.13154064794902e-12,"69550/20128/66141/209387/217069/68713/12642/80876/16149/19288",10
"30","GO:0002449","lymphocyte mediated immunity","22/119","245/9707",1.60623373839756e-13,1.15488205790785e-11,8.62857492451463e-12,"12010/14972/58185/19264/72310/246256/16859/15042/14939/54123/14961/14190/15894/12983/12258/14127/12266/21354/14129/21355/16149/20556",22
"31","GO:0019079","viral genome replication","15/119","91/9707",2.17004351784298e-13,1.5099302799959e-11,1.1281278865255e-11,"55932/23962/69550/229900/66141/100038882/20304/58185/71586/57444/231655/246728/68713/19106/80876",15
"32","GO:0002250","adaptive immune response","25/119","344/9707",3.6663146543429e-13,2.47132522169301e-11,1.8464235973023e-11,"12010/14972/58185/19264/60533/15042/14939/54123/14960/67742/14961/14190/15894/12983/16362/12258/14127/12266/21354/14129/20555/21355/16149/20556/12505",25
"33","GO:0042742","defense response to bacterium","20/119","206/9707",5.30610987388304e-13,3.46826636301992e-11,2.59127726217382e-11,"55932/12010/14469/60440/15944/229900/14972/100038882/231507/16859/16819/14939/246728/17476/14127/15900/14129/24088/12362/12363",20
"34","GO:0034340","response to type I interferon","12/119","51/9707",6.96059310378186e-13,4.41588215436984e-11,3.2992780315449e-11,"20846/66141/100038882/71586/54123/246728/68713/12642/20684/80876/56045/58203",12
"35","GO:0048002","antigen processing and presentation of peptide antigen","11/119","40/9707",1.00761549377329e-12,6.20979034305427e-11,4.63957690516365e-11,"12010/14972/15042/14960/14961/13040/14127/21354/14129/21355/16149",11
"36","GO:0046597","negative regulation of viral entry into host cell","9/119","23/9707",3.25898106384172e-12,1.95267282075183e-10,1.45891813121102e-10,"20128/66141/209387/217069/68713/12642/80876/16149/19288",9
"37","GO:0001819","positive regulation of cytokine production","25/119","387/9707",5.09145153789409e-12,2.96817863979393e-10,2.2176421918964e-10,"12010/20846/14972/100038882/20304/58185/71586/19264/60533/13058/16859/54123/246728/19106/16362/14127/15900/12266/16149/24088/12362/12363/12655/20296/20302",25
"38","GO:0046596","regulation of viral entry into host cell","10/119","34/9707",5.35155347074857e-12,3.03771074642228e-10,2.26959234451969e-10,"20128/66141/209387/217069/68713/12642/80876/20821/16149/19288",10
"39","GO:0002237","response to molecule of bacterial origin","20/119","234/9707",5.78106410662168e-12,3.19737314820076e-10,2.38888236092788e-10,"55932/12010/14469/15944/20846/20128/15945/209387/60533/246256/16859/17329/19106/15900/21355/24088/12362/12363/20296/16365",20
"40","GO:0002221","pattern recognition receptor signaling pathway","17/119","165/9707",1.31605156777419e-11,7.0968080792223e-10,5.30230250069021e-10,"14469/15944/20128/58185/71586/231655/234311/54123/70110/217069/19106/65221/16362/24088/12362/12363/16365",17
"41","GO:0002683","negative regulation of immune system process","24/119","373/9707",1.58143552977842e-11,8.31989375056598e-10,6.216117576613e-10,"69550/15944/20128/14972/100038882/19264/60533/16859/14960/67742/547253/14190/16362/56045/20821/12258/14127/13011/21354/20555/21355/16149/12505/16365",24
"42","GO:0002478","antigen processing and presentation of exogenous peptide antigen","9/119","27/9707",1.79397383403311e-11,9.21333704764149e-10,6.8836439596609e-10,"12010/14972/14960/14961/13040/14127/14129/21355/16149",9
"43","GO:0052372","modulation by symbiont of entry into host","10/119","38/9707",1.85163142268523e-11,9.28829995053965e-10,6.93965167229154e-10,"20128/66141/209387/217069/68713/12642/80876/20821/16149/19288",10
"44","GO:0002758","innate immune response-activating signaling pathway","17/119","171/9707",2.34498588493847e-11,1.14237460404328e-09,8.53512685157387e-10,"14469/15944/20128/58185/71586/231655/234311/54123/70110/217069/19106/65221/16362/24088/12362/12363/16365",17
"45","GO:0002697","regulation of immune effector process","22/119","314/9707",2.38325717116122e-11,1.14237460404328e-09,8.53512685157387e-10,"12010/69550/14972/58185/19264/16859/234311/15042/14190/16362/12258/14127/12266/21354/14129/16409/21355/16149/24088/12362/12363/20296",22
"46","GO:0002460","adaptive immune response based on somatic recombination of immune receptors built from immunoglobulin superfamily domains","20/119","254/9707",2.61414996435208e-11,1.22580901589292e-09,9.15849793002981e-10,"12010/14972/58185/19264/60533/15042/14939/54123/14961/14190/15894/12983/16362/12258/14127/12266/14129/21355/16149/20556",20
"47","GO:0051701","biological process involved in interaction with host","14/119","107/9707",3.72189211529889e-11,1.70811091334036e-09,1.27619637816856e-09,"55932/14469/229900/20128/66141/209387/217069/68713/12642/15894/80876/20821/16149/19288",14
"48","GO:0032606","type I interferon production","13/119","89/9707",4.66573415438868e-11,2.09666428562841e-09,1.56649977858971e-09,"55932/15944/20846/229900/100038882/71586/16391/54123/246728/16362/15900/24088/16365",13
"49","GO:0019884","antigen processing and presentation of exogenous antigen","9/119","31/9707",7.40643269441625e-11,3.26034190241956e-09,2.43592877661681e-09,"12010/14972/14960/14961/13040/14127/14129/21355/16149",9
"50","GO:0071219","cellular response to molecule of bacterial origin","16/119","160/9707",8.69989604173893e-11,3.75313515240617e-09,2.80411386103206e-09,"55932/12010/14469/15944/20846/20128/15945/209387/60533/246256/17329/15900/24088/12362/20296/16365",16
"51","GO:0002819","regulation of adaptive immune response","16/119","164/9707",1.26464855450186e-10,5.34871947462847e-09,3.9962372279512e-09,"12010/14972/58185/19264/60533/15042/54123/67742/14961/16362/14127/12266/14129/21355/16149/12505",16
"52","GO:0032496","response to lipopolysaccharide","18/119","218/9707",1.30561513641799e-10,5.41579201779538e-09,4.04634974464765e-09,"55932/12010/14469/15944/20846/20128/15945/209387/60533/246256/16859/17329/19106/15900/12362/12363/20296/16365",18
"53","GO:0060337","type I interferon-mediated signaling pathway","10/119","46/9707",1.47067426852674e-10,5.87452666150405e-09,4.38908831406325e-09,"20846/66141/100038882/71586/54123/246728/68713/80876/56045/58203",10
"54","GO:0071357","cellular response to type I interferon","10/119","46/9707",1.47067426852674e-10,5.87452666150405e-09,4.38908831406325e-09,"20846/66141/100038882/71586/54123/246728/68713/80876/56045/58203",10
"55","GO:0043903","regulation of biological process involved in symbiotic interaction","10/119","47/9707",1.84905974047213e-10,7.25167610945161e-09,5.41801045485709e-09,"20128/66141/209387/217069/68713/12642/80876/20821/16149/19288",10
"56","GO:0002821","positive regulation of adaptive immune response","13/119","104/9707",3.48147842621521e-10,1.34099088666897e-08,1.00190666739389e-08,"12010/14972/58185/19264/60533/15042/14961/14127/12266/14129/21355/16149/12505",13
"57","GO:0071222","cellular response to lipopolysaccharide","15/119","151/9707",3.87642906980683e-10,1.46264487398019e-08,1.09279911283394e-08,"55932/12010/14469/15944/20846/20128/15945/209387/60533/246256/17329/15900/12362/20296/16365",15
"58","GO:0002753","cytosolic pattern recognition receptor signaling pathway","13/119","105/9707",3.93293475618225e-10,1.46264487398019e-08,1.09279911283394e-08,"14469/15944/20128/58185/71586/231655/234311/54123/217069/19106/65221/16362/12363",13
"59","GO:0002757","immune response-activating signaling pathway","20/119","296/9707",4.10307167026367e-10,1.50005518521334e-08,1.12074981751537e-08,"14469/15944/20128/58185/71586/19264/231655/234311/54123/70110/217069/19106/65221/16362/14127/23880/24088/12362/12363/16365",20
"60","GO:0032479","regulation of type I interferon production","12/119","86/9707",4.68176620933489e-10,1.68309495225589e-08,1.2575059765775e-08,"55932/15944/20846/229900/100038882/71586/54123/246728/16362/15900/24088/16365",12
"61","GO:0062207","regulation of pattern recognition receptor signaling pathway","13/119","107/9707",4.99917364057019e-10,1.76774058077211e-08,1.32074803170198e-08,"14469/15944/20128/58185/231655/234311/54123/70110/19106/65221/16362/12363/16365",13
"62","GO:0060760","positive regulation of response to cytokine stimulus","10/119","52/9707",5.36638522869257e-10,1.86698273198224e-08,1.39489571903707e-08,"15944/80285/71586/54123/547253/58203/16149/24088/12362/12363",10
"63","GO:0002832","negative regulation of response to biotic stimulus","13/119","108/9707",5.62534871973793e-10,1.92601225213884e-08,1.43899897910088e-08,"15944/20128/14972/100038882/16859/547253/14190/56045/20821/12258/21354/21355/16365",13
"64","GO:0002764","immune response-regulating signaling pathway","20/119","302/9707",5.85047367068048e-10,1.97179245432153e-08,1.47320315621905e-08,"14469/15944/20128/58185/71586/19264/231655/234311/54123/70110/217069/19106/65221/16362/14127/23880/24088/12362/12363/16365",20
"65","GO:0071216","cellular response to biotic stimulus","16/119","182/9707",6.02191353781061e-10,1.99834884631654e-08,1.493044473909e-08,"55932/12010/14469/15944/20846/20128/15945/209387/60533/246256/17329/15900/24088/12362/20296/16365",16
"66","GO:0002699","positive regulation of immune effector process","17/119","211/9707",6.54743966174498e-10,2.13982232581575e-08,1.59874483606564e-08,"12010/14972/58185/19264/234311/15042/16362/14127/12266/14129/16409/21355/16149/24088/12362/12363/20296",17
"67","GO:0050727","regulation of inflammatory response","19/119","273/9707",7.1760644624699e-10,2.31026433515635e-08,1.72608871830973e-08,"15944/14972/20304/72310/16859/70110/13040/58203/14127/13011/12266/14129/12702/24088/12362/12505/12363/16365/20302",19
"68","GO:0050729","positive regulation of inflammatory response","13/119","111/9707",7.95563484118422e-10,2.52357416947564e-08,1.88546082691224e-08,"14972/20304/72310/70110/13040/58203/14127/12266/14129/24088/12362/12363/20302",13
"69","GO:0060759","regulation of response to cytokine stimulus","13/119","114/9707",1.11319290231749e-09,3.47993781202728e-08,2.59999745758669e-08,"15944/100038882/80285/71586/19264/54123/547253/56045/58203/16149/24088/12362/12363",13
"70","GO:0001909","leukocyte mediated cytotoxicity","13/119","115/9707",1.24227589972755e-09,3.82798445101761e-08,2.86003669546298e-08,"12010/14972/19264/72310/246256/16859/15042/14939/21354/14129/16409/21355/20296",13
"71","GO:0070269","pyroptosis","8/119","30/9707",1.88045180825133e-09,5.71286556394102e-08,4.26830499397004e-08,"55932/14469/14938/14939/20821/58203/12362/12363",8
"72","GO:0035455","response to interferon-alpha","7/119","20/9707",2.36704577623514e-09,7.09127463797109e-08,5.29816825060818e-08,"15957/69550/66141/15958/68713/19106/80876",7
"73","GO:0050777","negative regulation of immune response","14/119","148/9707",2.96168524384962e-09,8.75117133011456e-08,6.53834190098597e-08,"14972/100038882/19264/16859/67742/547253/14190/16362/56045/20821/12258/21354/21355/16365",14
"74","GO:0031348","negative regulation of defense response","16/119","207/9707",3.98440165135677e-09,1.16139923810494e-07,8.67726732322507e-08,"15944/20128/14972/100038882/16859/547253/14190/56045/20821/12258/13011/21354/12702/21355/12505/16365",16
"75","GO:0002474","antigen processing and presentation of peptide antigen via MHC class I","7/119","22/9707",5.1029107237907e-09,1.4675971241622e-07,1.09649913236822e-07,"12010/14972/15042/14127/21354/14129/21355",7
"76","GO:0046718","viral entry into host cell","10/119","68/9707",8.36776481419189e-09,2.37490377686999e-07,1.7743833698792e-07,"20128/66141/209387/217069/68713/12642/80876/20821/16149/19288",10
"77","GO:0044403","biological process involved in symbiotic interaction","15/119","189/9707",8.84959129194264e-09,2.47903485931432e-07,1.85218376868957e-07,"55932/14469/229900/20128/66141/20304/209387/217069/68713/12642/15894/80876/20821/16149/19288",15
"78","GO:0045824","negative regulation of innate immune response","10/119","70/9707",1.11848397054443e-08,3.09303836469787e-07,2.31092976910058e-07,"14972/100038882/16859/547253/56045/20821/12258/21354/21355/16365",10
"79","GO:0044409","entry into host","10/119","71/9707",1.28853583238285e-08,3.51819213980987e-07,2.62857875999752e-07,"20128/66141/209387/217069/68713/12642/80876/20821/16149/19288",10
"80","GO:0042110","T cell activation","22/119","440/9707",1.42666082806378e-08,3.84663425766695e-07,2.87397069442847e-07,"12010/15944/14972/20304/58185/19264/72310/60533/16859/14960/14961/14190/16186/15894/16362/14127/20555/16409/16149/20556/12505/20296",22
"81","GO:0002824","positive regulation of adaptive immune response based on somatic recombination of immune receptors built from immunoglobulin superfamily domains","11/119","97/9707",2.41375943937198e-08,6.42775198854984e-07,4.8024245635848e-07,"12010/14972/58185/19264/60533/15042/14961/14127/12266/14129/21355",11
"82","GO:0002703","regulation of leukocyte mediated immunity","15/119","204/9707",2.49241303965573e-08,6.55626210553343e-07,4.89843949128745e-07,"12010/69550/14972/58185/19264/16859/15042/14127/12266/21354/14129/16409/21355/24088/20296",15
"83","GO:0019886","antigen processing and presentation of exogenous peptide antigen via MHC class II","6/119","17/9707",3.31519672874058e-08,8.61551728179931e-07,6.43698946316021e-07,"12010/14960/14961/13040/14127/16149",6
"84","GO:1903039","positive regulation of leukocyte cell-cell adhesion","15/119","210/9707",3.67745653386123e-08,9.44318302802222e-07,7.05537086884905e-07,"12010/15944/14972/20304/19264/60533/16859/14960/14961/16186/15894/16362/16149/12505/20296",15
"85","GO:0030593","neutrophil chemotaxis","10/119","81/9707",4.73009446639681e-08,1.20033103106093e-06,8.96814195424584e-07,"15945/20293/20304/17329/14127/16409/16149/20306/20296/20302",10
"86","GO:0007159","leukocyte cell-cell adhesion","18/119","316/9707",4.87011549763567e-08,1.22149292190699e-06,9.12625070609574e-07,"12010/15944/14972/20304/19264/60533/16859/14960/14961/14190/16186/15894/16362/20555/16409/16149/12505/20296",18
"87","GO:1990266","neutrophil migration","11/119","104/9707",5.03677080959152e-08,1.24877179727459e-06,9.33006183845689e-07,"15945/20293/20304/17329/14127/16409/16149/24088/20306/20296/20302",11
"88","GO:1903555","regulation of tumor necrosis factor superfamily cytokine production","13/119","156/9707",5.19816246574567e-08,1.26853097054246e-06,9.4776903394115e-07,"20128/14972/71586/19264/60533/13058/16859/246728/14127/24088/12257/20296/20302",13
"89","GO:1903037","regulation of leukocyte cell-cell adhesion","17/119","282/9707",5.23408699018447e-08,1.26853097054246e-06,9.4776903394115e-07,"12010/15944/14972/20304/19264/60533/16859/14960/14961/14190/16186/15894/16362/20555/16149/12505/20296",17
"90","GO:0001959","regulation of cytokine-mediated signaling pathway","11/119","106/9707",6.14988902259964e-08,1.47392340241638e-06,1.10122574194153e-06,"15944/100038882/80285/19264/54123/547253/56045/58203/16149/12362/12363",11
"91","GO:0002495","antigen processing and presentation of peptide antigen via MHC class II","6/119","19/9707",7.12372874255467e-08,1.68855856018576e-06,1.26158805145763e-06,"12010/14960/14961/13040/14127/16149",6
"92","GO:0001961","positive regulation of cytokine-mediated signaling pathway","8/119","47/9707",8.49279438635025e-08,1.99119103166929e-06,1.48769659101856e-06,"15944/80285/54123/547253/58203/16149/12362/12363",8
"93","GO:0071706","tumor necrosis factor superfamily cytokine production","13/119","163/9707",8.75619129131441e-08,2.03087146401776e-06,1.51734339185086e-06,"20128/14972/71586/19264/60533/13058/16859/246728/14127/24088/12257/20296/20302",13
"94","GO:0044000","movement in host","10/119","88/9707",1.05774674960317e-07,2.42719121158941e-06,1.81344935458282e-06,"20128/66141/209387/217069/68713/12642/80876/20821/16149/19288",10
"95","GO:0002504","antigen processing and presentation of peptide or polysaccharide antigen via MHC class II","6/119","21/9707",1.39648455069556e-07,3.17075492194772e-06,2.36899484444865e-06,"12010/14960/14961/13040/14127/16149",6
"96","GO:0016064","immunoglobulin mediated immune response","11/119","115/9707",1.43495640420266e-07,3.22416767069286e-06,2.40890159521303e-06,"14972/19264/54123/14961/14190/12983/12258/14127/12266/14129/16149",11
"97","GO:0039531","regulation of viral-induced cytoplasmic pattern recognition receptor signaling pathway","9/119","70/9707",1.60165729936056e-07,3.56162349971209e-06,2.66102802530767e-06,"14469/15944/20128/58185/231655/234311/19106/65221/12363",9
"98","GO:0002705","positive regulation of leukocyte mediated immunity","11/119","118/9707",1.87107478973604e-07,4.03027859202632e-06,3.01117854934597e-06,"12010/14972/58185/19264/15042/14127/12266/14129/16409/21355/20296",11
"99","GO:0019724","B cell mediated immunity","11/119","118/9707",1.87107478973604e-07,4.03027859202632e-06,3.01117854934597e-06,"14972/19264/54123/14961/14190/12983/12258/14127/12266/14129/16149",11
"100","GO:0019885","antigen processing and presentation of endogenous peptide antigen via MHC class I","5/119","12/9707",1.88200788207823e-07,4.03027859202632e-06,3.01117854934597e-06,"12010/14972/15042/21354/21355",5
"101","GO:0007249","canonical NF-kappaB signal transduction","13/119","174/9707",1.88714945662799e-07,4.03027859202632e-06,3.01117854934597e-06,"55932/15944/20846/229900/20128/209387/217069/16362/20821/22035/16149/24088/12362",13
"102","GO:0002822","regulation of adaptive immune response based on somatic recombination of immune receptors built from immunoglobulin superfamily domains","12/119","149/9707",2.54298325799797e-07,5.37766165441335e-06,4.01786106088224e-06,"12010/14972/58185/19264/60533/15042/14961/16362/14127/12266/14129/21355",12
"103","GO:0022409","positive regulation of cell-cell adhesion","15/119","244/9707",2.65334412680863e-07,5.5565662927439e-06,4.15152770377518e-06,"12010/15944/14972/20304/19264/60533/16859/14960/14961/16186/15894/16362/16149/12505/20296",15
"104","GO:0002440","production of molecular mediator of immune response","14/119","212/9707",2.86432879212339e-07,5.94072808135591e-06,4.43854998050699e-06,"12010/69550/14972/58185/19264/246256/14961/14190/56045/14127/16149/24088/12362/12363",14
"105","GO:0002483","antigen processing and presentation of endogenous peptide antigen","5/119","13/9707",3.02835808919128e-07,6.22111276036722e-06,4.64803632536526e-06,"12010/14972/15042/21354/21355",5
"106","GO:0050863","regulation of T cell activation","16/119","282/9707",3.06943182997479e-07,6.24600420495813e-06,4.66663369582066e-06,"12010/15944/14972/20304/19264/60533/16859/14960/14961/14190/16186/16362/20555/16149/12505/20296",16
"107","GO:0032760","positive regulation of tumor necrosis factor production","10/119","99/9707",3.26079531399945e-07,6.57339765635216e-06,4.91124213057861e-06,"14972/71586/19264/13058/16859/246728/14127/24088/20296/20302",10
"108","GO:0001910","regulation of leukocyte mediated cytotoxicity","9/119","76/9707",3.2994181820352e-07,6.58967131356475e-06,4.92340081549308e-06,"12010/14972/19264/16859/15042/21354/16409/21355/20296",9
"109","GO:1903557","positive regulation of tumor necrosis factor superfamily cytokine production","10/119","100/9707",3.58607802148433e-07,7.0964865067355e-06,5.30206224132546e-06,"14972/71586/19264/13058/16859/246728/14127/24088/20296/20302",10
"110","GO:0032680","regulation of tumor necrosis factor production","12/119","154/9707",3.64432671617362e-07,7.14619338798773e-06,5.33920019374337e-06,"20128/14972/71586/19264/13058/16859/246728/14127/24088/12257/20296/20302",12
"111","GO:0050870","positive regulation of T cell activation","13/119","188/9707",4.62899497922346e-07,8.94747439498751e-06,6.68500758789053e-06,"12010/15944/14972/20304/19264/60533/16859/14960/14961/16186/16362/16149/20296",13
"112","GO:0097530","granulocyte migration","11/119","129/9707",4.64588378413816e-07,8.94747439498751e-06,6.68500758789053e-06,"15945/20293/20304/17329/14127/16409/16149/24088/20306/20296/20302",11
"113","GO:0071621","granulocyte chemotaxis","10/119","103/9707",4.73895547635423e-07,9.04595306415581e-06,6.75858484797236e-06,"15945/20293/20304/17329/14127/16409/16149/20306/20296/20302",10
"114","GO:0032640","tumor necrosis factor production","12/119","161/9707",5.89570792960833e-07,1.11553000036537e-05,8.33456033262268e-06,"20128/14972/71586/19264/13058/16859/246728/14127/24088/12257/20296/20302",12
"115","GO:0048247","lymphocyte chemotaxis","7/119","42/9707",6.59110973858422e-07,1.23626293096749e-05,9.23660321260636e-06,"15945/20293/20304/12642/20306/20296/20302",7
"116","GO:0019883","antigen processing and presentation of endogenous antigen","5/119","15/9707",6.92869474406995e-07,1.28837884163439e-05,9.62598153645289e-06,"12010/14972/15042/21354/21355",5
"117","GO:0042832","defense response to protozoan","6/119","27/9707",7.17365376257721e-07,1.32252745007513e-05,9.88111912776042e-06,"55932/14469/60440/229900/72310/15900",6
"118","GO:0002694","regulation of leukocyte activation","20/119","462/9707",7.25055378622923e-07,1.32537665397428e-05,9.90240664292324e-06,"12010/15944/14972/20304/19264/60533/16859/14960/67742/14961/14190/16186/16362/14127/13011/20555/16409/16149/12505/20296",20
"119","GO:0071347","cellular response to interleukin-1","8/119","63/9707",8.88409550803461e-07,1.61033563116224e-05,1.20314464597974e-05,"20293/20304/16362/58203/20306/20296/16365/20302",8
"120","GO:0007259","receptor signaling pathway via JAK-STAT","11/119","138/9707",9.15824735381551e-07,1.63547637386488e-05,1.22192827679142e-05,"55932/20846/229900/20304/80285/19264/547253/12983/16362/12702/15163",11
"121","GO:0046640","regulation of alpha-beta T cell proliferation","7/119","44/9707",9.1744386294692e-07,1.63547637386488e-05,1.22192827679142e-05,"15944/14972/19264/60533/16859/16362/12505",7
"122","GO:0001562","response to protozoan","6/119","29/9707",1.12837558545324e-06,1.9733866807762e-05,1.47439426507009e-05,"55932/14469/60440/229900/72310/15900",6
"123","GO:0031640","killing of cells of another organism","8/119","65/9707",1.13444575065484e-06,1.9733866807762e-05,1.47439426507009e-05,"55932/14469/229900/15945/14938/14939/17329/14190",8
"124","GO:0141061","disruption of cell in another organism","8/119","65/9707",1.13444575065484e-06,1.9733866807762e-05,1.47439426507009e-05,"55932/14469/229900/15945/14938/14939/17329/14190",8
"125","GO:0032102","negative regulation of response to external stimulus","16/119","312/9707",1.18824343192724e-06,2.05043286613364e-05,1.53195847939419e-05,"15944/20128/14972/100038882/16859/547253/14190/56045/20821/12258/13011/21354/12702/21355/12505/16365",16
"126","GO:0097696","receptor signaling pathway via STAT","11/119","144/9707",1.39935372111242e-06,2.3955602987615e-05,1.78981666417971e-05,"55932/20846/229900/20304/80285/19264/547253/12983/16362/12702/15163",11
"127","GO:0043122","regulation of canonical NF-kappaB signal transduction","11/119","145/9707",1.49873551162291e-06,2.54549015635481e-05,1.90183511669679e-05,"55932/15944/20846/229900/20128/209387/217069/20821/22035/16149/12362",11
"128","GO:0002706","regulation of lymphocyte mediated immunity","11/119","146/9707",1.60427328063567e-06,2.7034511455712e-05,2.01985394132665e-05,"12010/14972/58185/19264/16859/15042/14127/12266/21354/14129/21355",11
"129","GO:0046633","alpha-beta T cell proliferation","7/119","48/9707",1.69281478493942e-06,2.8305437915615e-05,2.11480982108711e-05,"15944/14972/19264/60533/16859/16362/12505",7
"130","GO:1903706","regulation of hemopoiesis","16/119","322/9707",1.79926591282385e-06,2.98539736458542e-05,2.23050697371119e-05,"12010/15944/20846/100038882/20304/19264/16859/14960/14190/16186/16362/16409/16149/15163/12505/20302",16
"131","GO:0002285","lymphocyte activation involved in immune response","11/119","148/9707",1.83512813427462e-06,3.02165754628272e-05,2.25759837169502e-05,"19264/72310/246256/16859/14190/15894/16362/14127/15900/16149/20556",11
"132","GO:0072676","lymphocyte migration","9/119","93/9707",1.87143145683384e-06,3.05808913059894e-05,2.28481783127003e-05,"15945/20293/20304/16859/12642/15894/20306/20296/20302",9
"133","GO:0060333","type II interferon-mediated signaling pathway","5/119","18/9707",1.91947801069016e-06,3.1130180970366e-05,2.32585740749239e-05,"15944/20846/80285/547253/16362",5
"134","GO:0031341","regulation of cell killing","9/119","94/9707",2.04849016317957e-06,3.2730320607247e-05,2.44541008953445e-05,"12010/14972/19264/16859/15042/21354/16409/21355/20296",9
"135","GO:0046634","regulation of alpha-beta T cell activation","9/119","94/9707",2.04849016317957e-06,3.2730320607247e-05,2.44541008953445e-05,"15944/14972/19264/60533/16859/14961/16186/16362/12505",9
"136","GO:0022407","regulation of cell-cell adhesion","17/119","366/9707",2.10009889122959e-06,3.33081860910457e-05,2.4885846768363e-05,"12010/15944/14972/20304/19264/60533/16859/14960/14961/14190/16186/15894/16362/20555/16149/12505/20296",17
"137","GO:0050865","regulation of cell activation","20/119","496/9707",2.19054840965363e-06,3.44891453987072e-05,2.57681875926217e-05,"12010/15944/14972/20304/19264/60533/16859/14960/67742/14961/14190/16186/16362/14127/13011/20555/16409/16149/12505/20296",20
"138","GO:0141060","disruption of anatomical structure in another organism","8/119","71/9707",2.24930970504977e-06,3.51576886506693e-05,2.62676823678963e-05,"55932/14469/229900/15945/14938/14939/17329/14190",8
"139","GO:0046631","alpha-beta T cell activation","11/119","152/9707",2.38594336016393e-06,3.70250347329036e-05,2.76628495600983e-05,"15944/14972/58185/19264/72310/60533/16859/14961/16186/16362/12505",11
"140","GO:0070555","response to interleukin-1","8/119","72/9707",2.50480287511912e-06,3.85918557259425e-05,2.88334827203562e-05,"20293/20304/16362/58203/20306/20296/16365/20302",8
"141","GO:0002720","positive regulation of cytokine production involved in immune response","8/119","73/9707",2.7845503032063e-06,4.25976950639432e-05,3.18264017484796e-05,"12010/14972/58185/14127/16149/24088/12362/12363",8
"142","GO:0002708","positive regulation of lymphocyte mediated immunity","9/119","98/9707",2.90898552604019e-06,4.41878998568217e-05,3.30145058589142e-05,"12010/14972/58185/19264/15042/14127/12266/14129/21355",9
"143","GO:0001912","positive regulation of leukocyte mediated cytotoxicity","7/119","52/9707",2.95382453953169e-06,4.4555241480908e-05,3.32889611337726e-05,"12010/14972/19264/15042/16409/21355/20296",7
"144","GO:0042098","T cell proliferation","12/119","188/9707",3.05278386463494e-06,4.54580067138432e-05,3.39634522991943e-05,"15944/14972/20304/19264/60533/16859/14960/16362/20555/16409/20556/12505",12
"145","GO:0070661","leukocyte proliferation","15/119","296/9707",3.0558233535036e-06,4.54580067138432e-05,3.39634522991943e-05,"15944/14972/20293/20304/19264/60533/16859/14960/12983/16362/20555/16409/16149/20556/12505",15
"146","GO:0002366","leukocyte activation involved in immune response","13/119","223/9707",3.18199078573259e-06,4.70106446905836e-05,3.51234887740202e-05,"19264/72310/246256/16859/70110/14190/15894/16362/14127/15900/16409/16149/20556",13
"147","GO:0002696","positive regulation of leukocyte activation","15/119","298/9707",3.32017508986943e-06,4.87184875431862e-05,3.63994848735417e-05,"12010/15944/14972/20304/19264/60533/16859/14960/14961/16186/16362/14127/16409/16149/20296",15
"148","GO:0062208","positive regulation of pattern recognition receptor signaling pathway","7/119","53/9707",3.36905679557574e-06,4.91017264057897e-05,3.66858175962053e-05,"14469/58185/231655/234311/70110/65221/12363",7
"149","GO:0048245","eosinophil chemotaxis","5/119","20/9707",3.40583427595449e-06,4.93045941827774e-05,3.6837388035933e-05,"20293/20304/20306/20296/20302",5
"150","GO:0051249","regulation of lymphocyte activation","17/119","380/9707",3.49511038611747e-06,4.9841181296466e-05,3.72382932264058e-05,"12010/15944/14972/20304/19264/60533/16859/14960/67742/14961/14190/16186/16362/20555/16149/12505/20296",17
"151","GO:0002263","cell activation involved in immune response","13/119","225/9707",3.51222047151731e-06,4.9841181296466e-05,3.72382932264058e-05,"19264/72310/246256/16859/70110/14190/15894/16362/14127/15900/16409/16149/20556",13
"152","GO:0070663","regulation of leukocyte proliferation","13/119","225/9707",3.51222047151731e-06,4.9841181296466e-05,3.72382932264058e-05,"15944/14972/20293/20304/19264/60533/16859/14960/12983/16362/20555/16149/12505",13
"153","GO:0032728","positive regulation of interferon-beta production","6/119","35/9707",3.63111669158589e-06,5.11916255147108e-05,3.8247262847045e-05,"100038882/71586/54123/246728/16362/24088",6
"154","GO:0050830","defense response to Gram-positive bacterium","8/119","76/9707",3.78836194900186e-06,5.30616670389417e-05,3.96444439092403e-05,"55932/12010/14469/229900/14972/17476/24088/12363",8
"155","GO:0032481","positive regulation of type I interferon production","7/119","55/9707",4.34648359074611e-06,6.04862264854152e-05,4.51916222576047e-05,"20846/100038882/71586/54123/246728/16362/24088",7
"156","GO:0071356","cellular response to tumor necrosis factor","10/119","133/9707",4.98076666419518e-06,6.88686775299295e-05,5.14544788318679e-05,"55932/20846/20293/20304/16362/12362/20306/20296/16365/20302",10
"157","GO:0002718","regulation of cytokine production involved in immune response","9/119","105/9707",5.17065317768802e-06,7.10388465240322e-05,5.30758968490805e-05,"12010/69550/14972/58185/14127/16149/24088/12362/12363",9
"158","GO:0002698","negative regulation of immune effector process","9/119","106/9707",5.59283721297957e-06,7.63528472683351e-05,5.70461943575731e-05,"69550/14972/19264/16859/14190/16362/12258/21354/21355",9
"159","GO:0002456","T cell mediated immunity","9/119","107/9707",6.0442533707022e-06,8.19965693119788e-05,6.12628395269452e-05,"12010/14972/58185/19264/15042/14939/15894/21355/20556",9
"160","GO:0050867","positive regulation of cell activation","15/119","314/9707",6.29005750554041e-06,8.47978377465667e-05,6.33557765854103e-05,"12010/15944/14972/20304/19264/60533/16859/14960/14961/16186/16362/14127/16409/16149/20296",15
"161","GO:0030522","intracellular receptor signaling pathway","13/119","238/9707",6.50415294555141e-06,8.71394900841887e-05,6.51053165063041e-05,"14469/15944/20128/58185/71586/231655/234311/54123/217069/19106/65221/16362/12363",13
"162","GO:0002475","antigen processing and presentation via MHC class Ib","4/119","11/9707",6.63102122760556e-06,8.8290819678674e-05,6.59655198145816e-05,"12010/14972/15042/21355",4
"163","GO:0070098","chemokine-mediated signaling pathway","7/119","59/9707",7.01731095381121e-06,9.28609799225201e-05,6.93800650325151e-05,"15945/20293/20304/17329/20306/20296/20302",7
"164","GO:0043068","positive regulation of programmed cell death","19/119","490/9707",7.16776122909982e-06,9.32641312946088e-05,6.9681275168751e-05,"55932/14469/20304/19264/14938/60533/16819/15958/19106/13040/16362/58203/15900/22035/12364/12257/12362/12505/20302",19
"165","GO:0046426","negative regulation of receptor signaling pathway via JAK-STAT","5/119","23/9707",7.17748993736906e-06,9.32641312946088e-05,6.9681275168751e-05,"55932/229900/547253/16362/12702",5
"166","GO:0072677","eosinophil migration","5/119","23/9707",7.17748993736906e-06,9.32641312946088e-05,6.9681275168751e-05,"20293/20304/20306/20296/20302",5
"167","GO:0002702","positive regulation of production of molecular mediator of immune response","9/119","111/9707",8.17644264090003e-06,0.000105608304050427,7.89040887691014e-05,"12010/14972/58185/19264/14127/16149/24088/12362/12363",9
"168","GO:0070374","positive regulation of ERK1 and ERK2 cascade","11/119","173/9707",8.35690079810303e-06,0.000107296637032787,8.01655082825548e-05,"20293/20304/19264/15894/12266/16149/24088/20306/12505/20296/20302",11
"169","GO:0030595","leukocyte chemotaxis","11/119","174/9707",8.82959623209194e-06,0.000112694905755162,8.41987656887746e-05,"15945/20293/20304/17329/12642/14127/16409/16149/20306/20296/20302",11
"170","GO:0001911","negative regulation of leukocyte mediated cytotoxicity","5/119","24/9707",8.97784750414104e-06,0.000113246883429428,8.46111697681744e-05,"14972/19264/16859/21354/21355",5
"171","GO:0001916","positive regulation of T cell mediated cytotoxicity","5/119","24/9707",8.97784750414104e-06,0.000113246883429428,8.46111697681744e-05,"12010/14972/19264/15042/21355",5
"172","GO:0031343","positive regulation of cell killing","7/119","62/9707",9.813803762193e-06,0.000122136176045032,9.12527074762435e-05,"12010/14972/19264/15042/16409/21355/20296",7
"173","GO:0042267","natural killer cell mediated cytotoxicity","7/119","62/9707",9.813803762193e-06,0.000122136176045032,9.12527074762435e-05,"14972/72310/246256/16859/14939/21354/21355",7
"174","GO:0002885","positive regulation of hypersensitivity","4/119","12/9707",9.85243144730441e-06,0.000122136176045032,9.12527074762435e-05,"14972/14127/12266/14129",4
"175","GO:0001913","T cell mediated cytotoxicity","6/119","42/9707",1.09423200746633e-05,0.000134665162326047,0.000100613602479652,"12010/14972/19264/15042/14939/21355",6
"176","GO:0051251","positive regulation of lymphocyte activation","13/119","250/9707",1.10760382191531e-05,0.000134665162326047,0.000100613602479652,"12010/15944/14972/20304/19264/60533/16859/14960/14961/16186/16362/16149/20296",13
"177","GO:0002888","positive regulation of myeloid leukocyte mediated immunity","5/119","25/9707",1.1112841397328e-05,0.000134665162326047,0.000100613602479652,"14972/14127/12266/14129/16409",5
"178","GO:1904893","negative regulation of receptor signaling pathway via STAT","5/119","25/9707",1.1112841397328e-05,0.000134665162326047,0.000100613602479652,"55932/229900/547253/16362/12702",5
"179","GO:0034612","response to tumor necrosis factor","10/119","146/9707",1.14300075932184e-05,0.000137734784237832,0.000102907036902189,"55932/20846/20293/20304/16362/12362/20306/20296/16365/20302",10
"180","GO:0002695","negative regulation of leukocyte activation","10/119","148/9707",1.28856981071053e-05,0.000154413615650145,0.000115368443286422,"60533/16859/14960/67742/14190/16362/13011/20555/16149/12505",10
"181","GO:0002228","natural killer cell mediated immunity","7/119","65/9707",1.34775257970885e-05,0.000160613387537679,0.000120000535012169,"14972/72310/246256/16859/14939/21354/21355",7
"182","GO:0002866","positive regulation of acute inflammatory response to antigenic stimulus","4/119","13/9707",1.40966961754757e-05,0.000167069085991764,0.000124823839471679,"14972/14127/12266/14129",4
"183","GO:1990868","response to chemokine","7/119","66/9707",1.49249483901534e-05,0.00017496257433457,0.000130721372913758,"15945/20293/20304/17329/20306/20296/20302",7
"184","GO:1990869","cellular response to chemokine","7/119","66/9707",1.49249483901534e-05,0.00017496257433457,0.000130721372913758,"15945/20293/20304/17329/20306/20296/20302",7
"185","GO:0046651","lymphocyte proliferation","13/119","258/9707",1.5517575530719e-05,0.000180926542809519,0.000135177286700033,"15944/14972/20304/19264/60533/16859/14960/16362/20555/16409/16149/20556/12505",13
"186","GO:0050766","positive regulation of phagocytosis","7/119","67/9707",1.64986169803668e-05,0.000190992900321507,0.000142698255565589,"19264/16186/14127/12266/14129/19288/20296",7
"187","GO:0002438","acute inflammatory response to antigenic stimulus","5/119","27/9707",1.65580307650078e-05,0.000190992900321507,0.000142698255565589,"14972/15894/14127/12266/14129",5
"188","GO:0042129","regulation of T cell proliferation","10/119","154/9707",1.82522824261705e-05,0.000209415814857712,0.000156462734571484,"15944/14972/20304/19264/60533/16859/14960/16362/20555/12505",10
"189","GO:0032897","negative regulation of viral transcription","4/119","14/9707",1.95487856514915e-05,0.000223104394974959,0.000166690007420961,"66141/20684/80876/20821",4
"190","GO:0032943","mononuclear cell proliferation","13/119","264/9707",1.98103365277553e-05,0.000224250467223707,0.000167546282760899,"15944/14972/20304/19264/60533/16859/14960/16362/20555/16409/16149/20556/12505",13
"191","GO:0002675","positive regulation of acute inflammatory response","5/119","28/9707",1.99610986124023e-05,0.000224250467223707,0.000167546282760899,"14972/20304/14127/12266/14129",5
"192","GO:0031342","negative regulation of cell killing","5/119","28/9707",1.99610986124023e-05,0.000224250467223707,0.000167546282760899,"14972/19264/16859/21354/21355",5
"193","GO:0097529","myeloid leukocyte migration","11/119","191/9707",2.12839987959523e-05,0.000233547328797721,0.000174492331156485,"15945/20293/20304/17329/14127/16409/16149/24088/20306/20296/20302",11
"194","GO:0002548","monocyte chemotaxis","6/119","47/9707",2.13070320864729e-05,0.000233547328797721,0.000174492331156485,"15945/20293/20304/20306/20296/20302",6
"195","GO:0032608","interferon-beta production","6/119","47/9707",2.13070320864729e-05,0.000233547328797721,0.000174492331156485,"100038882/71586/54123/246728/16362/24088",6
"196","GO:0032648","regulation of interferon-beta production","6/119","47/9707",2.13070320864729e-05,0.000233547328797721,0.000174492331156485,"100038882/71586/54123/246728/16362/24088",6
"197","GO:0002367","cytokine production involved in immune response","9/119","125/9707",2.14382805294153e-05,0.000233547328797721,0.000174492331156485,"12010/69550/14972/58185/14127/16149/24088/12362/12363",9
"198","GO:0051250","negative regulation of lymphocyte activation","9/119","125/9707",2.14382805294153e-05,0.000233547328797721,0.000174492331156485,"60533/16859/14960/67742/14190/16362/20555/16149/12505",9
"199","GO:0050764","regulation of phagocytosis","8/119","96/9707",2.17299601181209e-05,0.000235535296355712,0.000175977619364417,"19264/16186/14127/12266/14129/24088/19288/20296",8
"200","GO:1902107","positive regulation of leukocyte differentiation","10/119","158/9707",2.28137692455207e-05,0.00024482238936611,0.000182916369284589,"20304/19264/16859/14960/16186/16362/16409/16149/15163/20302",10
"201","GO:1903708","positive regulation of hemopoiesis","10/119","158/9707",2.28137692455207e-05,0.00024482238936611,0.000182916369284589,"20304/19264/16859/14960/16186/16362/16409/16149/15163/20302",10
"202","GO:0050868","negative regulation of T cell activation","8/119","97/9707",2.34433018822163e-05,0.000250332683960102,0.000187033325594962,"60533/16859/14960/14190/16362/20555/16149/12505",8
"203","GO:0050900","leukocyte migration","14/119","309/9707",2.37615016980264e-05,0.000251312412766766,0.000187765319252333,"15945/20293/20304/16859/17329/12642/15894/14127/16409/16149/24088/20306/20296/20302",14
"204","GO:0002521","leukocyte differentiation","18/119","486/9707",2.38586441215732e-05,0.000251312412766766,0.000187765319252333,"12010/20304/58185/19264/16859/14960/14961/14190/16186/16362/14127/15900/16409/16149/24088/15163/12505/20302",18
"205","GO:0141085","regulation of inflammasome-mediated signaling pathway","5/119","29/9707",2.388458257635e-05,0.000251312412766766,0.000187765319252333,"14469/15944/20128/19106/12363",5
"206","GO:0002700","regulation of production of molecular mediator of immune response","10/119","159/9707",2.40962678534344e-05,0.000252308979416786,0.000188509893120123,"12010/69550/14972/58185/19264/14127/16149/24088/12362/12363",10
"207","GO:0002883","regulation of hypersensitivity","4/119","15/9707",2.64054824431586e-05,0.000275152780820739,0.0002055773893744,"14972/14127/12266/14129",4
"208","GO:0050866","negative regulation of cell activation","10/119","161/9707",2.68479692531221e-05,0.000278418604225886,0.000208017413595799,"60533/16859/14960/67742/14190/16362/13011/20555/16149/12505",10
"209","GO:0035710","CD4-positive, alpha-beta T cell activation","8/119","101/9707",3.14747270644052e-05,0.000324837254918288,0.000242698600531878,"15944/58185/72310/60533/16859/16186/16362/12505",8
"210","GO:0050730","regulation of peptidyl-tyrosine phosphorylation","11/119","200/9707",3.26332992146793e-05,0.000335190601933635,0.000250433990464532,"20304/80285/19264/67742/547253/15894/16362/12702/16149/15163/12505",11
"211","GO:0001914","regulation of T cell mediated cytotoxicity","5/119","31/9707",3.35106519544842e-05,0.00034257097756314,0.000255948157357522,"12010/14972/19264/15042/21355",5
"212","GO:0050670","regulation of lymphocyte proliferation","11/119","201/9707",3.4169423645801e-05,0.000347657767943362,0.000259748697128706,"15944/14972/20304/19264/60533/16859/14960/16362/20555/16149/12505",11
"213","GO:0002524","hypersensitivity","4/119","16/9707",3.48746561397378e-05,0.000349882015318207,0.000261410519216345,"14972/14127/12266/14129",4
"214","GO:0002577","regulation of antigen processing and presentation","4/119","16/9707",3.48746561397378e-05,0.000349882015318207,0.000261410519216345,"14961/14190/21355/16149",4
"215","GO:0044790","suppression of viral release by host","4/119","16/9707",3.48746561397378e-05,0.000349882015318207,0.000261410519216345,"20128/209387/217069/20821",4
"216","GO:0002711","positive regulation of T cell mediated immunity","6/119","52/9707",3.84322973900211e-05,0.000383789191992016,0.000286743895244261,"12010/14972/58185/19264/15042/21355",6
"217","GO:0140374","antiviral innate immune response","5/119","32/9707",3.93294857377724e-05,0.000389145416221904,0.000290745739567984,"71586/15958/217069/19106/58203",5
"218","GO:0141084","inflammasome-mediated signaling pathway","5/119","32/9707",3.93294857377724e-05,0.000389145416221904,0.000290745739567984,"14469/15944/20128/19106/12363",5
"219","GO:0032944","regulation of mononuclear cell proliferation","11/119","205/9707",4.09555275694704e-05,0.000403383894828072,0.000301383863056281,"15944/14972/20304/19264/60533/16859/14960/16362/20555/16149/12505",11
"220","GO:0002687","positive regulation of leukocyte migration","9/119","136/9707",4.19325065695651e-05,0.000411129166684327,0.000307170658172269,"15945/20293/20304/16859/15894/16149/24088/20306/20296",9
"221","GO:0061081","positive regulation of myeloid leukocyte cytokine production involved in immune response","5/119","33/9707",4.59012237727099e-05,0.000448004251935454,0.000334721474617856,"14127/16149/24088/12362/12363",5
"222","GO:1903038","negative regulation of leukocyte cell-cell adhesion","8/119","107/9707",4.77570124057637e-05,0.00046401745837492,0.000346685566587123,"60533/16859/14960/14190/16362/20555/16149/12505",8
"223","GO:0071396","cellular response to lipid","15/119","376/9707",5.25596106166759e-05,0.000508390493722735,0.000379838394402317,"55932/12010/14469/15944/20846/20128/15945/209387/60533/246256/17329/15900/12362/20296/16365",15
"224","GO:0002864","regulation of acute inflammatory response to antigenic stimulus","4/119","18/9707",5.75331561712831e-05,0.000549110698502025,0.000410262049828759,"14972/14127/12266/14129",4
"225","GO:0032069","regulation of nuclease activity","4/119","18/9707",5.75331561712831e-05,0.000549110698502025,0.000410262049828759,"23962/14938/231655/246728",4
"226","GO:0045953","negative regulation of natural killer cell mediated cytotoxicity","4/119","18/9707",5.75331561712831e-05,0.000549110698502025,0.000410262049828759,"14972/16859/21354/21355",4
"227","GO:0042509","regulation of tyrosine phosphorylation of STAT protein","6/119","56/9707",5.8896486937391e-05,0.000559646353850011,0.000418133649437262,"20304/80285/547253/16362/12702/15163",6
"228","GO:0043065","positive regulation of apoptotic process","17/119","473/9707",5.99689939865967e-05,0.000567338245741618,0.000423880562296766,"20304/19264/14938/60533/16819/15958/19106/13040/16362/58203/15900/22035/12364/12257/12362/12505/20302",17
"229","GO:1902105","regulation of leukocyte differentiation","12/119","253/9707",6.05909161879347e-05,0.000570718804442686,0.00042640630973904,"20304/19264/16859/14960/14190/16186/16362/16409/16149/15163/12505/20302",12
"230","GO:0043410","positive regulation of MAPK cascade","15/119","384/9707",6.67842382761063e-05,0.000626320008528527,0.000467948140964388,"20128/20293/20304/209387/22436/19264/15894/19106/12266/16149/24088/20306/12505/20296/20302",15
"231","GO:0006909","phagocytosis","10/119","180/9707",6.95031984437914e-05,0.000648997398455663,0.000484891304704692,"19264/16186/14127/15900/12266/14129/16409/24088/19288/20296",10
"232","GO:0002714","positive regulation of B cell mediated immunity","5/119","36/9707",7.08024923528076e-05,0.000650479891842738,0.000485998933416896,"14972/19264/14127/12266/14129",5
"233","GO:0002891","positive regulation of immunoglobulin mediated immune response","5/119","36/9707",7.08024923528076e-05,0.000650479891842738,0.000485998933416896,"14972/19264/14127/12266/14129",5
"234","GO:0032733","positive regulation of interleukin-10 production","5/119","36/9707",7.08024923528076e-05,0.000650479891842738,0.000485998933416896,"100038882/60533/16859/14127/24088",5
"235","GO:0002704","negative regulation of leukocyte mediated immunity","6/119","58/9707",7.19716489192584e-05,0.000650479891842738,0.000485998933416896,"69550/14972/19264/16859/21354/21355",6
"236","GO:0002716","negative regulation of natural killer cell mediated immunity","4/119","19/9707",7.21874474214158e-05,0.000650479891842738,0.000485998933416896,"14972/16859/21354/21355",4
"237","GO:0002863","positive regulation of inflammatory response to antigenic stimulus","4/119","19/9707",7.21874474214158e-05,0.000650479891842738,0.000485998933416896,"14972/14127/12266/14129",4
"238","GO:0035739","CD4-positive, alpha-beta T cell proliferation","4/119","19/9707",7.21874474214158e-05,0.000650479891842738,0.000485998933416896,"15944/60533/16859/12505",4
"239","GO:2000561","regulation of CD4-positive, alpha-beta T cell proliferation","4/119","19/9707",7.21874474214158e-05,0.000650479891842738,0.000485998933416896,"15944/60533/16859/12505",4
"240","GO:0042116","macrophage activation","7/119","84/9707",7.2376065851765e-05,0.000650479891842738,0.000485998933416896,"15944/16859/70110/13011/16409/24088/12362",7
"241","GO:0045785","positive regulation of cell adhesion","15/119","387/9707",7.29317279069451e-05,0.00065275409583104,0.000487698080041638,"12010/15944/14972/20304/19264/60533/16859/14960/14961/16186/15894/16362/16149/12505/20296",15
"242","GO:0007260","tyrosine phosphorylation of STAT protein","6/119","59/9707",7.93249701983656e-05,0.000707041159991217,0.000528258066001295,"20304/80285/547253/16362/12702/15163",6
"243","GO:2000514","regulation of CD4-positive, alpha-beta T cell activation","6/119","60/9707",8.72650560065564e-05,0.000774612040354494,0.000578742909881039,"15944/60533/16859/16186/16362/12505",6
"244","GO:0046782","regulation of viral transcription","4/119","20/9707",8.93828507077812e-05,0.000790159053183131,0.000590358690395225,"66141/20684/80876/20821",4
"245","GO:0071674","mononuclear cell migration","9/119","150/9707",9.00574631378762e-05,0.000792873257095506,0.000592386578148608,"15945/20293/20304/16859/12642/15894/20306/20296/20302",9
"246","GO:0001818","negative regulation of cytokine production","11/119","230/9707",0.00011573989735545,0.0010148412951045,0.000758227568896853,"55932/69550/15944/229900/20128/19264/60533/16859/24088/12257/16365",11
"247","GO:0046635","positive regulation of alpha-beta T cell activation","6/119","64/9707",0.000125581932862791,0.00109668108981798,0.000819373275998011,"15944/14972/19264/14961/16186/16362",6
"248","GO:0045639","positive regulation of myeloid cell differentiation","7/119","92/9707",0.000129137378249282,0.00112318276162783,0.000839173710100388,"20846/100038882/20304/16409/16149/15163/20302",7
"249","GO:0032722","positive regulation of chemokine production","6/119","65/9707",0.000136982381038964,0.00118663050562669,0.000886577997762226,"20304/16859/19106/16149/24088/12655",6
"250","GO:0050732","negative regulation of peptidyl-tyrosine phosphorylation","5/119","42/9707",0.000150665240886737,0.00129993969837077,0.000971235721253029,"19264/67742/547253/16362/12702",5
"251","GO:0070372","regulation of ERK1 and ERK2 cascade","11/119","238/9707",0.000156568805304048,0.00134549367745351,0.00100527087825748,"20293/20304/19264/15894/12266/16149/24088/20306/12505/20296/20302",11
"252","GO:0060907","positive regulation of macrophage cytokine production","4/119","23/9707",0.000158783252342758,0.00135910902898146,0.00101544343916776,"16149/24088/12362/12363",4
"253","GO:0050688","regulation of defense response to virus","6/119","67/9707",0.000162239551253696,0.00138320439547123,0.00103344602858086,"15944/20846/20128/20304/80285/14190",6
"254","GO:0060326","cell chemotaxis","11/119","241/9707",0.000174759244346915,0.00148407751990668,0.00110881227971457,"15945/20293/20304/17329/12642/14127/16409/16149/20306/20296/20302",11
"255","GO:0018108","peptidyl-tyrosine phosphorylation","11/119","242/9707",0.000181208800344946,0.00152682571228144,0.00114075112388204,"20304/80285/19264/67742/547253/15894/16362/12702/16149/15163/12505",11
"256","GO:0052548","regulation of endopeptidase activity","11/119","242/9707",0.000181208800344946,0.00152682571228144,0.00114075112388204,"20846/16912/22436/16913/12258/13011/22035/12364/12362/12505/21857",11
"257","GO:0002673","regulation of acute inflammatory response","5/119","44/9707",0.00018862779743463,0.00158315236990855,0.00118283496978259,"14972/20304/14127/12266/14129",5
"258","GO:0043123","positive regulation of canonical NF-kappaB signal transduction","7/119","98/9707",0.000191965101584783,0.00160491753534254,0.00119909657497471,"20128/209387/217069/20821/22035/16149/12362",7
"259","GO:0018212","peptidyl-tyrosine modification","11/119","244/9707",0.000194716667244841,0.00162163649130163,0.00121158795997501,"20304/80285/19264/67742/547253/15894/16362/12702/16149/15163/12505",11
"260","GO:0042270","protection from natural killer cell mediated cytotoxicity","3/119","10/9707",0.000202460447498453,0.00164175633554197,0.00122662028144097,"14972/21354/21355",3
"261","GO:0046598","positive regulation of viral entry into host cell","3/119","10/9707",0.000202460447498453,0.00164175633554197,0.00122662028144097,"20128/20821/16149",3
"262","GO:0046642","negative regulation of alpha-beta T cell proliferation","3/119","10/9707",0.000202460447498453,0.00164175633554197,0.00122662028144097,"60533/16859/12505",3
"263","GO:0060330","regulation of response to type II interferon","3/119","10/9707",0.000202460447498453,0.00164175633554197,0.00122662028144097,"15944/80285/547253",3
"264","GO:0060334","regulation of type II interferon-mediated signaling pathway","3/119","10/9707",0.000202460447498453,0.00164175633554197,0.00122662028144097,"15944/80285/547253",3
"265","GO:0060700","regulation of ribonuclease activity","3/119","10/9707",0.000202460447498453,0.00164175633554197,0.00122662028144097,"23962/231655/246728",3
"266","GO:0075294","positive regulation by symbiont of entry into host","3/119","10/9707",0.000202460447498453,0.00164175633554197,0.00122662028144097,"20128/20821/16149",3
"267","GO:0032653","regulation of interleukin-10 production","5/119","46/9707",0.000233483223724561,0.00188622963885348,0.00140927583489968,"100038882/60533/16859/14127/24088",5
"268","GO:0002274","myeloid leukocyte activation","10/119","209/9707",0.000238307581645255,0.00191802034928662,0.00143302791633498,"15944/20304/246256/16859/70110/14127/13011/16409/24088/12362",10
"269","GO:0002709","regulation of T cell mediated immunity","6/119","72/9707",0.000241674950178323,0.00193789170087228,0.00144787457923308,"12010/14972/58185/19264/15042/21355",6
"270","GO:0030217","T cell differentiation","11/119","251/9707",0.000248936438444112,0.00198872554712574,0.00148585453122002,"12010/58185/19264/16859/14960/14190/16186/16362/14127/16149/12505",11
"271","GO:0002707","negative regulation of lymphocyte mediated immunity","5/119","47/9707",0.000258742294157668,0.00205128022941148,0.00153259157759509,"14972/19264/16859/21354/21355",5
"272","GO:0019083","viral transcription","5/119","47/9707",0.000258742294157668,0.00205128022941148,0.00153259157759509,"66141/20304/20684/80876/20821",5
"273","GO:0045589","regulation of regulatory T cell differentiation","4/119","26/9707",0.000260570599378185,0.00205128022941148,0.00153259157759509,"16859/16186/16362/12505",4
"274","GO:2000515","negative regulation of CD4-positive, alpha-beta T cell activation","4/119","26/9707",0.000260570599378185,0.00205128022941148,0.00153259157759509,"60533/16859/16362/12505",4
"275","GO:0042532","negative regulation of tyrosine phosphorylation of STAT protein","3/119","11/9707",0.000275896482350021,0.00216403168155999,0.0016168325913029,"547253/16362/12702",3
"276","GO:0030098","lymphocyte differentiation","13/119","343/9707",0.000283162039394548,0.00220885796313627,0.00165032405707812,"12010/58185/19264/16859/14960/14961/14190/16186/16362/14127/15900/16149/12505",13
"277","GO:0045580","regulation of T cell differentiation","8/119","138/9707",0.000283659552985048,0.00220885796313627,0.00165032405707812,"19264/16859/14960/14190/16186/16362/16149/12505",8
"278","GO:0052547","regulation of peptidase activity","12/119","300/9707",0.00030100936165777,0.00233424044219653,0.00174400220433003,"20846/16912/22436/16913/13040/12258/13011/22035/12364/12362/12505/21857",12
"279","GO:0030101","natural killer cell activation","6/119","75/9707",0.000302316064992635,0.00233424044219653,0.00174400220433003,"14972/19264/72310/246256/16859/16362",6
"280","GO:1900225","regulation of NLRP3 inflammasome complex assembly","4/119","27/9707",0.000303007567832651,0.00233424044219653,0.00174400220433003,"15944/20128/19106/12363",4
"281","GO:0032613","interleukin-10 production","5/119","49/9707",0.000315437149447651,0.00242134495145403,0.00180908138529445,"100038882/60533/16859/14127/24088",5
"282","GO:0070664","negative regulation of leukocyte proliferation","6/119","76/9707",0.000324982755453589,0.00248577235288437,0.00185721761328647,"20293/60533/16859/14960/20555/12505",6
"283","GO:0070371","ERK1 and ERK2 cascade","11/119","260/9707",0.000336977600545302,0.00256841231228345,0.0019189611546768,"20293/20304/19264/15894/12266/16149/24088/20306/12505/20296/20302",11
"284","GO:0045807","positive regulation of endocytosis","8/119","142/9707",0.000344358838744519,0.00261542963088707,0.00195408962979191,"12010/19264/16186/14127/12266/14129/19288/20296",8
"285","GO:0032732","positive regulation of interleukin-1 production","5/119","50/9707",0.000347085435353153,0.0026268887159886,0.00196265115983629,"16859/24088/12362/12363/20302",5
"286","GO:0071887","leukocyte apoptotic process","7/119","108/9707",0.000349846201481553,0.00263852537271228,0.00197134536057511,"20304/60533/14127/16409/16149/15163/12505",7
"287","GO:0002396","MHC protein complex assembly","3/119","12/9707",0.000364577832650926,0.00272108783746729,0.0020330310026901,"12010/14960/14961",3
"288","GO:0002501","peptide antigen assembly with MHC protein complex","3/119","12/9707",0.000364577832650926,0.00272108783746729,0.0020330310026901,"12010/14960/14961",3
"289","GO:0072683","T cell extravasation","3/119","12/9707",0.000364577832650926,0.00272108783746729,0.0020330310026901,"20304/15894/20296",3
"290","GO:0050731","positive regulation of peptidyl-tyrosine phosphorylation","8/119","144/9707",0.000378461502887883,0.00281497055768677,0.00210317444980526,"20304/80285/19264/547253/15894/16149/15163/12505",8
"291","GO:0051345","positive regulation of hydrolase activity","13/119","355/9707",0.000394381393648327,0.00292330125807368,0.00218411254720777,"20846/20293/20304/22436/19264/15894/13040/22035/12364/12362/20306/20296/20302",13
"292","GO:0044546","NLRP3 inflammasome complex assembly","4/119","29/9707",0.00040238956285624,0.00296230132109525,0.00221325101754231,"15944/20128/19106/12363",4
"293","GO:0045066","regulatory T cell differentiation","4/119","29/9707",0.00040238956285624,0.00296230132109525,0.00221325101754231,"16859/16186/16362/12505",4
"294","GO:0051092","positive regulation of NF-kappaB transcription factor activity","7/119","111/9707",0.000413465973251263,0.00303349015069039,0.0022664389726018,"20128/209387/217069/15894/19106/20821/24088",7
"295","GO:0006959","humoral immune response","8/119","148/9707",0.000454938285292494,0.00331578639991556,0.0024773535262283,"12010/14972/15945/19264/17329/12258/12266/16365",8
"296","GO:0002712","regulation of B cell mediated immunity","5/119","53/9707",0.000456554733785313,0.00331578639991556,0.0024773535262283,"14972/19264/14127/12266/14129",5
"297","GO:0002889","regulation of immunoglobulin mediated immune response","5/119","53/9707",0.000456554733785313,0.00331578639991556,0.0024773535262283,"14972/19264/14127/12266/14129",5
"298","GO:0140632","canonical inflammasome complex assembly","4/119","30/9707",0.000459929155054511,0.00332908452165295,0.0024872890723718,"15944/20128/19106/12363",4
"299","GO:0002755","MyD88-dependent toll-like receptor signaling pathway","3/119","13/9707",0.000469722173593563,0.00337730242813772,0.00252331455358507,"54123/16362/24088",3
"300","GO:0140507","granzyme-mediated programmed cell death signaling pathway","3/119","13/9707",0.000469722173593563,0.00337730242813772,0.00252331455358507,"14938/72310/14939",3
"301","GO:0061082","myeloid leukocyte cytokine production","5/119","54/9707",0.000498265111764678,0.00355880081482255,0.00265891908717923,"14127/16149/24088/12362/12363",5
"302","GO:2000107","negative regulation of leukocyte apoptotic process","5/119","54/9707",0.000498265111764678,0.00355880081482255,0.00265891908717923,"20304/14127/16149/15163/12505",5
"303","GO:0002861","regulation of inflammatory response to antigenic stimulus","4/119","31/9707",0.000523102266624885,0.00368944788605735,0.00275653061686739,"14972/14127/12266/14129",4
"304","GO:0032480","negative regulation of type I interferon production","4/119","31/9707",0.000523102266624885,0.00368944788605735,0.00275653061686739,"55932/15944/229900/16365",4
"305","GO:0060338","regulation of type I interferon-mediated signaling pathway","4/119","31/9707",0.000523102266624885,0.00368944788605735,0.00275653061686739,"100038882/54123/56045/58203",4
"306","GO:2000106","regulation of leukocyte apoptotic process","6/119","83/9707",0.000523398726533867,0.00368944788605735,0.00275653061686739,"20304/60533/14127/16149/15163/12505",6
"307","GO:0000768","syncytium formation by plasma membrane fusion","5/119","55/9707",0.000542780321459984,0.0037941557493696,0.00283476195119189,"20846/15945/17329/12362/12505",5
"308","GO:0140253","cell-cell fusion","5/119","55/9707",0.000542780321459984,0.0037941557493696,0.00283476195119189,"20846/15945/17329/12362/12505",5
"309","GO:0022408","negative regulation of cell-cell adhesion","8/119","152/9707",0.000543529961314421,0.0037941557493696,0.00283476195119189,"60533/16859/14960/14190/16362/20555/16149/12505",8
"310","GO:0002286","T cell activation involved in immune response","6/119","84/9707",0.000558092777355566,0.00388324555082566,0.00290132442149871,"14190/15894/16362/14127/16149/20556",6
"311","GO:0002437","inflammatory response to antigenic stimulus","5/119","56/9707",0.000590219913079846,0.00405447246023321,0.00302925473323917,"14972/15894/14127/12266/14129",5
"312","GO:0042130","negative regulation of T cell proliferation","5/119","56/9707",0.000590219913079846,0.00405447246023321,0.00302925473323917,"60533/16859/14960/20555/12505",5
"313","GO:0048524","positive regulation of viral process","5/119","56/9707",0.000590219913079846,0.00405447246023321,0.00302925473323917,"55932/229900/20128/20821/16149",5
"314","GO:0050829","defense response to Gram-negative bacterium","5/119","56/9707",0.000590219913079846,0.00405447246023321,0.00302925473323917,"12010/60440/15944/17476/12362",5
"315","GO:0002323","natural killer cell activation involved in immune response","3/119","14/9707",0.0005924967339414,0.00405719192098921,0.00303128654858574,"72310/246256/16859",3
"316","GO:0006935","chemotaxis","12/119","324/9707",0.00060206412629195,0.00410965924180929,0.0030704869332211,"15945/20293/20304/16859/17329/12642/14127/16409/16149/20306/20296/20302",12
"317","GO:0042330","taxis","12/119","326/9707",0.000635814564880206,0.00431875369511357,0.00322670956602439,"15945/20293/20304/16859/17329/12642/14127/16409/16149/20306/20296/20302",12
"318","GO:0002763","positive regulation of myeloid leukocyte differentiation","5/119","57/9707",0.000640705230614902,0.00431875369511357,0.00322670956602439,"20304/16409/16149/15163/20302",5
"319","GO:0006949","syncytium formation","5/119","57/9707",0.000640705230614902,0.00431875369511357,0.00322670956602439,"20846/15945/17329/12362/12505",5
"320","GO:0072678","T cell migration","5/119","57/9707",0.000640705230614902,0.00431875369511357,0.00322670956602439,"15945/20304/16859/15894/20296",5
"321","GO:0002685","regulation of leukocyte migration","9/119","196/9707",0.00066266859577193,0.00443905640086973,0.00331659241623676,"15945/20293/20304/16859/15894/16149/24088/20306/20296",9
"322","GO:0010506","regulation of autophagy","9/119","196/9707",0.00066266859577193,0.00443905640086973,0.00331659241623676,"60440/15944/20128/209387/20821/14580/24088/12257/12362",9
"323","GO:0002526","acute inflammatory response","6/119","87/9707",0.000672995748744703,0.00449427811158614,0.00335785071314369,"14972/20304/15894/14127/12266/14129",6
"324","GO:1903131","mononuclear cell differentiation","13/119","377/9707",0.000696071066433859,0.00463402867375875,0.00346226381647251,"12010/58185/19264/16859/14960/14961/14190/16186/16362/14127/15900/16149/12505",13
"325","GO:0032642","regulation of chemokine production","6/119","88/9707",0.000715110271410595,0.0047461318628697,0.00354602048754533,"20304/16859/19106/16149/24088/12655",6
"326","GO:0002262","myeloid cell homeostasis","8/119","159/9707",0.000731927801300127,0.00484284744602569,0.00361828047720534,"12010/20846/100038882/14127/16409/15163/12505/20296",8
"327","GO:0051091","positive regulation of DNA-binding transcription factor activity","9/119","199/9707",0.000738957059612913,0.00487440482441912,0.00364185822716037,"20128/209387/217069/15894/19106/20684/20821/24088/15163",9
"328","GO:0046425","regulation of receptor signaling pathway via JAK-STAT","6/119","89/9707",0.000759237265821323,0.00499291092187986,0.00373039876114392,"55932/229900/19264/547253/16362/12702",6
"329","GO:0006897","endocytosis","15/119","483/9707",0.000796371231524724,0.00522119375805116,0.00390095778424045,"12010/66141/19264/246256/16186/14127/15900/12266/14129/16409/24088/19288/80837/12505/20296",15
"330","GO:0045619","regulation of lymphocyte differentiation","8/119","162/9707",0.000827311186879031,0.00540760675787294,0.00404023421726251,"19264/16859/14960/14190/16186/16362/16149/12505",8
"331","GO:0010935","regulation of macrophage cytokine production","4/119","35/9707",0.000838230712098628,0.00542962055854877,0.00405668158755492,"16149/24088/12362/12363",4
"332","GO:0042119","neutrophil activation","4/119","35/9707",0.000838230712098628,0.00542962055854877,0.00405668158755492,"20304/246256/14127/16409",4
"333","GO:0046636","negative regulation of alpha-beta T cell activation","4/119","35/9707",0.000838230712098628,0.00542962055854877,0.00405668158755492,"60533/16859/16362/12505",4
"334","GO:0045582","positive regulation of T cell differentiation","6/119","91/9707",0.000853788933423932,0.00551384050717192,0.00411960560060523,"19264/16859/14960/16186/16362/16149",6
"335","GO:0033028","myeloid cell apoptotic process","4/119","36/9707",0.000934159239566857,0.00601487008879317,0.00449394437007654,"20304/14127/16409/12505",4
"336","GO:0002886","regulation of myeloid leukocyte mediated immunity","5/119","62/9707",0.000943181466307815,0.00603692113598207,0.00451041956869363,"14972/14127/12266/14129/16409",5
"337","GO:0071677","positive regulation of mononuclear cell migration","5/119","62/9707",0.000943181466307815,0.00603692113598207,0.00451041956869363,"15945/20304/16859/20306/20296",5
"338","GO:0010720","positive regulation of cell development","13/119","391/9707",0.000975352097753817,0.00622436235164196,0.00465046422192804,"20304/19264/16859/14960/16186/16362/14580/16409/16149/24088/12257/15163/20302",13
"339","GO:2000403","positive regulation of lymphocyte migration","4/119","37/9707",0.00103756413425516,0.0066018461285793,0.00493249709531021,"15945/20304/16859/20306",4
"340","GO:1904892","regulation of receptor signaling pathway via STAT","6/119","95/9707",0.00106995531999142,0.00678792242712205,0.00507152196565594,"55932/229900/19264/547253/16362/12702",6
"341","GO:1901623","regulation of lymphocyte chemotaxis","3/119","17/9707",0.00107754341423549,0.00681601508652773,0.0050925110887314,"15945/20304/20306",3
"342","GO:0045637","regulation of myeloid cell differentiation","8/119","169/9707",0.00108905899854298,0.00686871421010877,0.00513188466226315,"12010/20846/100038882/20304/16409/16149/15163/20302",8
"343","GO:0019080","viral gene expression","5/119","66/9707",0.00125294959117672,0.00785643101211679,0.00586984646294845,"66141/20304/20684/80876/20821",5
"344","GO:2000379","positive regulation of reactive oxygen species metabolic process","5/119","66/9707",0.00125294959117672,0.00785643101211679,0.00586984646294845,"22436/16819/16409/12257/16365",5
"345","GO:0032602","chemokine production","6/119","98/9707",0.00125793455402598,0.00786482560299722,0.00587611838966827,"20304/16859/19106/16149/24088/12655",6
"346","GO:0002922","positive regulation of humoral immune response","3/119","18/9707",0.00128154546584833,0.00796626389001397,0.00595190689584042,"19264/12266/16365",3
"347","GO:0090026","positive regulation of monocyte chemotaxis","3/119","18/9707",0.00128154546584833,0.00796626389001397,0.00595190689584042,"15945/20304/20296",3
"348","GO:0010934","macrophage cytokine production","4/119","40/9707",0.00139572889976273,0.00865111274939143,0.00646358422727389,"16149/24088/12362/12363",4
"349","GO:0031664","regulation of lipopolysaccharide-mediated signaling pathway","3/119","19/9707",0.00150830009430338,0.00929543800974968,0.00694498479512323,"20128/209387/16365",3
"350","GO:2001185","regulation of CD8-positive, alpha-beta T cell activation","3/119","19/9707",0.00150830009430338,0.00929543800974968,0.00694498479512323,"14972/60533/16362",3
"351","GO:0043299","leukocyte degranulation","5/119","69/9707",0.00153040399464634,0.00933559722171613,0.00697498931090813,"72310/246256/16859/14127/16409",5
"352","GO:0001774","microglial cell activation","4/119","41/9707",0.00153212861218707,0.00933559722171613,0.00697498931090813,"13011/16409/24088/12362",4
"353","GO:0006911","phagocytosis, engulfment","4/119","41/9707",0.00153212861218707,0.00933559722171613,0.00697498931090813,"14127/12266/14129/16409",4
"354","GO:0045581","negative regulation of T cell differentiation","4/119","41/9707",0.00153212861218707,0.00933559722171613,0.00697498931090813,"14190/16362/16149/12505",4
"355","GO:0006898","receptor-mediated endocytosis","8/119","179/9707",0.0015738290838906,0.00953581273582031,0.00712457814144445,"12010/66141/246256/14127/12266/14129/16409/12505",8
"356","GO:2000116","regulation of cysteine-type endopeptidase activity","8/119","179/9707",0.0015738290838906,0.00953581273582031,0.00712457814144445,"20846/16912/22436/13011/22035/12364/12362/12505",8
"357","GO:0051090","regulation of DNA-binding transcription factor activity","11/119","314/9707",0.00160118402566998,0.00967438079375388,0.00722810774967045,"20128/209387/217069/15894/19106/671535/20684/20821/24088/15163/16365",11
"358","GO:0002920","regulation of humoral immune response","4/119","42/9707",0.00167754580916605,0.0100512953065866,0.0075097153036059,"19264/12258/12266/16365",4
"359","GO:0031663","lipopolysaccharide-mediated signaling pathway","4/119","42/9707",0.00167754580916605,0.0100512953065866,0.0075097153036059,"20846/20128/209387/16365",4
"360","GO:0036230","granulocyte activation","4/119","42/9707",0.00167754580916605,0.0100512953065866,0.0075097153036059,"20304/246256/14127/16409",4
"361","GO:0050672","negative regulation of lymphocyte proliferation","5/119","71/9707",0.00173891461476845,0.0103901352466913,0.00776287585715265,"60533/16859/14960/20555/12505",5
"362","GO:0045621","positive regulation of lymphocyte differentiation","6/119","105/9707",0.00179452877291372,0.0106928137104279,0.0079890187593222,"19264/16859/14960/16186/16362/16149",6
"363","GO:0042269","regulation of natural killer cell mediated cytotoxicity","4/119","43/9707",0.0018322855858073,0.0108877135222764,0.00813463602108445,"14972/16859/21354/21355",4
"364","GO:0032945","negative regulation of mononuclear cell proliferation","5/119","72/9707",0.00185064891809608,0.0109666200998166,0.00819359020707083,"60533/16859/14960/20555/12505",5
"365","GO:0031400","negative regulation of protein modification process","11/119","321/9707",0.00190662366398529,0.0112673623101816,0.00841828645872092,"100038882/22436/19264/67742/547253/671535/16362/20821/12702/20555/12257",11
"366","GO:0032731","positive regulation of interleukin-1 beta production","4/119","44/9707",0.00199665136464457,0.0117350871758538,0.00876774197410249,"24088/12362/12363/20302",4
"367","GO:0045620","negative regulation of lymphocyte differentiation","4/119","44/9707",0.00199665136464457,0.0117350871758538,0.00876774197410249,"14190/16362/16149/12505",4
"368","GO:0002230","positive regulation of defense response to virus by host","3/119","21/9707",0.00203358470139339,0.0118552491916366,0.00885751970934078,"20846/20304/80285",3
"369","GO:0016540","protein autoprocessing","3/119","21/9707",0.00203358470139339,0.0118552491916366,0.00885751970934078,"12364/12362/12363",3
"370","GO:0032727","positive regulation of interferon-alpha production","3/119","21/9707",0.00203358470139339,0.0118552491916366,0.00885751970934078,"20846/71586/54123",3
"371","GO:0007162","negative regulation of cell adhesion","9/119","231/9707",0.0020942892271499,0.0121762314365562,0.00909733808133494,"19264/60533/16859/14960/14190/16362/20555/16149/12505",9
"372","GO:0002269","leukocyte activation involved in inflammatory response","4/119","45/9707",0.00217094464850299,0.0125542295089033,0.00937975520490496,"13011/16409/24088/12362",4
"373","GO:0070534","protein K63-linked ubiquitination","4/119","45/9707",0.00217094464850299,0.0125542295089033,0.00937975520490496,"20128/209387/671535/20821",4
"374","GO:0070665","positive regulation of leukocyte proliferation","7/119","148/9707",0.0022438095266801,0.0129409014680454,0.00966865292808117,"15944/14972/20304/19264/60533/12983/16149",7
"375","GO:0006925","inflammatory cell apoptotic process","3/119","22/9707",0.00233376907011961,0.0133881379900213,0.0100028008016605,"20304/16409/12505",3
"376","GO:0034121","regulation of toll-like receptor signaling pathway","3/119","22/9707",0.00233376907011961,0.0133881379900213,0.0100028008016605,"20128/54123/16362",3
"377","GO:0030100","regulation of endocytosis","9/119","235/9707",0.00235310761092511,0.0134056399459397,0.0100158771965125,"12010/19264/16186/14127/12266/14129/24088/19288/20296",9
"378","GO:0002715","regulation of natural killer cell mediated immunity","4/119","46/9707",0.00235546478419617,0.0134056399459397,0.0100158771965125,"14972/16859/21354/21355",4
"379","GO:0042531","positive regulation of tyrosine phosphorylation of STAT protein","4/119","46/9707",0.00235546478419617,0.0134056399459397,0.0100158771965125,"20304/80285/547253/15163",4
"380","GO:0007229","integrin-mediated signaling pathway","5/119","77/9707",0.00248973649585805,0.0141325305830679,0.010558965582157,"100038882/14127/16409/23880/21857",5
"381","GO:0061900","glial cell activation","4/119","47/9707",0.00255050873675789,0.0144016946209078,0.0107600685477441,"13011/16409/24088/12362",4
"382","GO:0099024","plasma membrane invagination","4/119","47/9707",0.00255050873675789,0.0144016946209078,0.0107600685477441,"14127/12266/14129/16409",4
"383","GO:1903902","positive regulation of viral life cycle","3/119","23/9707",0.00266001694278615,0.0149808264897904,0.0111927605865208,"20128/20821/16149",3
"384","GO:0002224","toll-like receptor signaling pathway","4/119","48/9707",0.00275637087391788,0.0154830520183356,0.0115679928946499,"20128/54123/16362/24088",4
"385","GO:0030099","myeloid cell differentiation","11/119","338/9707",0.00285015803171096,0.0159682879854559,0.011930531637866,"12010/20846/100038882/20304/14127/15900/16409/16149/24088/15163/20302",11
"386","GO:0001960","negative regulation of cytokine-mediated signaling pathway","4/119","49/9707",0.00297334276053744,0.0166152858406199,0.0124139290056799,"100038882/19264/547253/56045",4
"387","GO:0002507","tolerance induction","3/119","24/9707",0.00301305588699695,0.0167504163614753,0.0125148902956927,"14972/60533/16365",3
"388","GO:0032647","regulation of interferon-alpha production","3/119","24/9707",0.00301305588699695,0.0167504163614753,0.0125148902956927,"20846/71586/54123",3
"389","GO:0002690","positive regulation of leukocyte chemotaxis","5/119","81/9707",0.00310602167021817,0.0171347538175463,0.0128020438204442,"15945/20304/16149/20306/20296",5
"390","GO:0019730","antimicrobial humoral response","5/119","81/9707",0.00310602167021817,0.0171347538175463,0.0128020438204442,"12010/14972/15945/17329/16365",5
"391","GO:0032652","regulation of interleukin-1 production","5/119","81/9707",0.00310602167021817,0.0171347538175463,0.0128020438204442,"16859/24088/12362/12363/20302",5
"392","GO:0010324","membrane invagination","4/119","50/9707",0.00320171296272739,0.0176175889301096,0.0131627887914491,"14127/12266/14129/16409",4
"393","GO:0050728","negative regulation of inflammatory response","6/119","118/9707",0.00323147995980322,0.0177361380999887,0.0132513615065186,"15944/16859/13011/12702/12505/16365",6
"394","GO:0032607","interferon-alpha production","3/119","25/9707",0.00339357547569671,0.0185785337590807,0.0138807482054279,"20846/71586/54123",3
"395","GO:1903707","negative regulation of hemopoiesis","5/119","83/9707",0.00345230701695528,0.0188522183179052,0.0140852286288036,"15944/14190/16362/16149/12505",5
"396","GO:0031329","regulation of cellular catabolic process","12/119","400/9707",0.00359300890735449,0.0195710106393021,0.0146222664464639,"60440/15944/20128/209387/11810/20821/14580/24088/12257/20556/12362/21857",12
"397","GO:0060761","negative regulation of response to cytokine stimulus","4/119","52/9707",0.00369378647482339,0.0200692630382722,0.0149945302743063,"100038882/19264/547253/56045",4
"398","GO:0032689","negative regulation of type II interferon production","3/119","26/9707",0.00380222828565131,0.0205035160303747,0.0153189776456109,"15944/60533/16859",3
"399","GO:0090025","regulation of monocyte chemotaxis","3/119","26/9707",0.00380222828565131,0.0205035160303747,0.0153189776456109,"15945/20304/20296",3
"400","GO:2000108","positive regulation of leukocyte apoptotic process","3/119","26/9707",0.00380222828565131,0.0205035160303747,0.0153189776456109,"20304/60533/12505",3
"401","GO:0030335","positive regulation of cell migration","13/119","461/9707",0.00416125229640024,0.0223835940232801,0.0167236573455539,"15945/20293/20304/19264/60533/16859/16819/15894/16149/24088/20306/80837/20296",13
"402","GO:0032612","interleukin-1 production","5/119","87/9707",0.00422687038072617,0.0226358509856231,0.0169121283746865,"16859/24088/12362/12363/20302",5
"403","GO:0009595","detection of biotic stimulus","3/119","27/9707",0.00423963087537864,0.0226358509856231,0.0169121283746865,"24088/12257/12363",3
"404","GO:0036037","CD8-positive, alpha-beta T cell activation","3/119","27/9707",0.00423963087537864,0.0226358509856231,0.0169121283746865,"14972/60533/16362",3
"405","GO:2000377","regulation of reactive oxygen species metabolic process","6/119","126/9707",0.00446364901317658,0.0237730640035108,0.0177617846372277,"20128/22436/16819/16409/12257/16365",6
"406","GO:0045428","regulation of nitric oxide biosynthetic process","4/119","55/9707",0.00452440587202441,0.0240372991772331,0.0179592050559227,"15894/24088/19288/12257",4
"407","GO:2000401","regulation of lymphocyte migration","4/119","56/9707",0.00482703556117399,0.0255821024703988,0.0191133879326455,"15945/20304/16859/20306",4
"408","GO:0050671","positive regulation of lymphocyte proliferation","6/119","129/9707",0.0050050685505311,0.0264606197634696,0.0197697625151267,"15944/14972/20304/19264/60533/16149",6
"409","GO:0032755","positive regulation of interleukin-6 production","5/119","91/9707",0.0051183234221384,0.026993211788637,0.0201676828189265,"71586/16859/14127/16149/24088",5
"410","GO:0080164","regulation of nitric oxide metabolic process","4/119","57/9707",0.00514298502008412,0.0270571187520035,0.0202154302073139,"15894/24088/19288/12257",4
"411","GO:0001779","natural killer cell differentiation","3/119","29/9707",0.00520297726367401,0.0271082655984175,0.0202536440139459,"19264/16859/16362",3
"412","GO:0033032","regulation of myeloid cell apoptotic process","3/119","29/9707",0.00520297726367401,0.0271082655984175,0.0202536440139459,"20304/14127/12505",3
"413","GO:0046641","positive regulation of alpha-beta T cell proliferation","3/119","29/9707",0.00520297726367401,0.0271082655984175,0.0202536440139459,"15944/14972/19264",3
"414","GO:0050691","regulation of defense response to virus by host","3/119","29/9707",0.00520297726367401,0.0271082655984175,0.0202536440139459,"20846/20304/80285",3
"415","GO:2000147","positive regulation of cell motility","13/119","477/9707",0.00553101717517111,0.0287479615586604,0.0214787249085275,"15945/20293/20304/19264/60533/16859/16819/15894/16149/24088/20306/80837/20296",13
"416","GO:0032946","positive regulation of mononuclear cell proliferation","6/119","132/9707",0.00559333232930357,0.0290019659478553,0.0216685015085116,"15944/14972/20304/19264/60533/16149",6
"417","GO:0072593","reactive oxygen species metabolic process","7/119","176/9707",0.00583802743944527,0.0301981419349723,0.0225622113083193,"20128/22436/13058/16819/16409/12257/16365",7
"418","GO:0032675","regulation of interleukin-6 production","6/119","134/9707",0.0060126648884724,0.031027076948409,0.0231815410331182,"20128/71586/16859/14127/16149/24088",6
"419","GO:0042102","positive regulation of T cell proliferation","5/119","95/9707",0.00613564356569833,0.0315861173537263,0.0235992219547397,"15944/14972/20304/19264/60533",5
"420","GO:0070228","regulation of lymphocyte apoptotic process","4/119","60/9707",0.00617331605134928,0.0317043874351438,0.0236875861519192,"20304/60533/16149/12505",4
"421","GO:0002828","regulation of type 2 immune response","3/119","31/9707",0.00628786264576737,0.0317683370301463,0.023735365392067,"58185/16362/16149",3
"422","GO:0060142","regulation of syncytium formation by plasma membrane fusion","3/119","31/9707",0.00628786264576737,0.0317683370301463,0.023735365392067,"20846/15945/17329",3
"423","GO:0001781","neutrophil apoptotic process","2/119","10/9707",0.00628886412233309,0.0317683370301463,0.023735365392067,"16409/12505",2
"424","GO:0009155","purine deoxyribonucleotide catabolic process","2/119","10/9707",0.00628886412233309,0.0317683370301463,0.023735365392067,"22436/56045",2
"425","GO:0035740","CD8-positive, alpha-beta T cell proliferation","2/119","10/9707",0.00628886412233309,0.0317683370301463,0.023735365392067,"14972/16362",2
"426","GO:1900226","negative regulation of NLRP3 inflammasome complex assembly","2/119","10/9707",0.00628886412233309,0.0317683370301463,0.023735365392067,"15944/20128",2
"427","GO:2000564","regulation of CD8-positive, alpha-beta T cell proliferation","2/119","10/9707",0.00628886412233309,0.0317683370301463,0.023735365392067,"14972/16362",2
"428","GO:0045765","regulation of angiogenesis","8/119","225/9707",0.00637012281826317,0.0321036329883029,0.0239858780982807,"20846/15945/20304/13058/20684/12266/80837/20296",8
"429","GO:0002377","immunoglobulin production","5/119","96/9707",0.0064106769886502,0.0322327045792971,0.0240823125251465,"14972/19264/14961/14190/56045",5
"430","GO:1903321","negative regulation of protein modification by small protein conjugation or removal","4/119","61/9707",0.00654508633586888,0.0328319795964399,0.0245300542967326,"100038882/671535/20821/12257",4
"431","GO:0032649","regulation of type II interferon production","5/119","97/9707",0.00669426426422019,0.0334248333748217,0.0249729985100417,"15944/100038882/60533/16859/15900",5
"432","GO:0043280","positive regulation of cysteine-type endopeptidase activity involved in apoptotic process","5/119","97/9707",0.00669426426422019,0.0334248333748217,0.0249729985100417,"20846/22436/22035/12364/12362",5
"433","GO:0040017","positive regulation of locomotion","13/119","489/9707",0.00677952569809298,0.0337723716646341,0.0252326579403923,"15945/20293/20304/19264/60533/16859/16819/15894/16149/24088/20306/80837/20296",13
"434","GO:2000406","positive regulation of T cell migration","3/119","32/9707",0.00687706781630596,0.0341793439626082,0.0255367228395935,"15945/20304/16859",3
"435","GO:0150076","neuroinflammatory response","4/119","62/9707",0.00693142460273517,0.0343703054439075,0.0256793976207805,"13011/16409/24088/12362",4
"436","GO:1901342","regulation of vasculature development","8/119","229/9707",0.00706063597982038,0.0349307151570472,0.0260981016057581,"20846/15945/20304/13058/20684/12266/80837/20296",8
"437","GO:0006914","autophagy","10/119","330/9707",0.00721898181085961,0.0355510131644388,0.0265615504744678,"60440/15944/20128/209387/20821/14580/15900/24088/12257/12362",10
"438","GO:0061919","process utilizing autophagic mechanism","10/119","330/9707",0.00721898181085961,0.0355510131644388,0.0265615504744678,"60440/15944/20128/209387/20821/14580/15900/24088/12257/12362",10
"439","GO:0002444","myeloid leukocyte mediated immunity","5/119","99/9707",0.00728763803522369,0.0357259891863125,0.0266922818945633,"14972/14127/12266/14129/16409",5
"440","GO:0010508","positive regulation of autophagy","5/119","99/9707",0.00728763803522369,0.0357259891863125,0.0266922818945633,"15944/20128/209387/20821/24088",5
"441","GO:0002688","regulation of leukocyte chemotaxis","5/119","100/9707",0.00759769084002969,0.0369602151325192,0.0276144203049493,"15945/20304/16149/20306/20296",5
"442","GO:0002246","wound healing involved in inflammatory response","2/119","11/9707",0.00762507915344044,0.0369602151325192,0.0276144203049493,"12505/21857",2
"443","GO:0035457","cellular response to interferon-alpha","2/119","11/9707",0.00762507915344044,0.0369602151325192,0.0276144203049493,"15957/15958",2
"444","GO:0098883","synapse pruning","2/119","11/9707",0.00762507915344044,0.0369602151325192,0.0276144203049493,"12266/16409",2
"445","GO:0141086","negative regulation of inflammasome-mediated signaling pathway","2/119","11/9707",0.00762507915344044,0.0369602151325192,0.0276144203049493,"15944/20128",2
"446","GO:0032635","interleukin-6 production","6/119","141/9707",0.00766208181028018,0.0370563014905254,0.0276862101759239,"20128/71586/16859/14127/16149/24088",6
"447","GO:0030162","regulation of proteolysis","13/119","499/9707",0.00798360773716624,0.0385249259263257,0.0287834768529413,"20846/16912/22436/16913/13040/20821/12258/13011/22035/12364/12362/12505/21857",13
"448","GO:0048872","homeostasis of number of cells","9/119","284/9707",0.00808155130274023,0.0389105048214524,0.0290715579052991,"12010/20846/100038882/14127/16409/16149/15163/12505/20296",9
"449","GO:0071675","regulation of mononuclear cell migration","5/119","103/9707",0.00858288796244917,0.041169580044593,0.030759401238695,"15945/20304/16859/20306/20296",5
"450","GO:0006809","nitric oxide biosynthetic process","4/119","66/9707",0.00862709790456932,0.041169580044593,0.030759401238695,"15894/24088/19288/12257",4
"451","GO:0045123","cellular extravasation","4/119","66/9707",0.00862709790456932,0.041169580044593,0.030759401238695,"20304/15894/16409/20296",4
"452","GO:1901874","negative regulation of post-translational protein modification","4/119","66/9707",0.00862709790456932,0.041169580044593,0.030759401238695,"100038882/671535/20821/12257",4
"453","GO:0032735","positive regulation of interleukin-12 production","3/119","35/9707",0.00883668517479431,0.0419839866124038,0.0313678761943197,"16362/15900/24088",3
"454","GO:2000516","positive regulation of CD4-positive, alpha-beta T cell activation","3/119","35/9707",0.00883668517479431,0.0419839866124038,0.0313678761943197,"15944/16186/16362",3
"455","GO:0002761","regulation of myeloid leukocyte differentiation","5/119","104/9707",0.00893006396614473,0.0423343911537894,0.0316296771131697,"20304/16409/16149/15163/20302",5
"456","GO:0010952","positive regulation of peptidase activity","6/119","146/9707",0.00902508746870282,0.0424717483812573,0.0317323020626626,"20846/22436/13040/22035/12364/12362",6
"457","GO:0002730","regulation of dendritic cell cytokine production","2/119","12/9707",0.00907717941759835,0.0424717483812573,0.0317323020626626,"69550/24088",2
"458","GO:0002903","negative regulation of B cell apoptotic process","2/119","12/9707",0.00907717941759835,0.0424717483812573,0.0317323020626626,"16149/12505",2
"459","GO:0032490","detection of molecule of bacterial origin","2/119","12/9707",0.00907717941759835,0.0424717483812573,0.0317323020626626,"24088/12363",2
"460","GO:1902165","regulation of intrinsic apoptotic signaling pathway in response to DNA damage by p53 class mediator","2/119","12/9707",0.00907717941759835,0.0424717483812573,0.0317323020626626,"16149/12505",2
"461","GO:2000343","positive regulation of chemokine (C-X-C motif) ligand 2 production","2/119","12/9707",0.00907717941759835,0.0424717483812573,0.0317323020626626,"20304/16149",2
"462","GO:0002573","myeloid leukocyte differentiation","7/119","192/9707",0.00924628969052277,0.043169365503155,0.0322535190617233,"20304/14127/16409/16149/24088/15163/20302",7
"463","GO:0001776","leukocyte homeostasis","5/119","105/9707",0.00928684072580628,0.0432650441588858,0.032325004322404,"14127/16409/16149/12505/20296",5
"464","GO:0043270","positive regulation of monoatomic ion transport","7/119","194/9707",0.00975727432880947,0.0453587084638837,0.0338892626982924,"15945/20304/16819/17329/13040/12257/20296",7
"465","GO:0043254","regulation of protein-containing complex assembly","9/119","294/9707",0.0100152412729355,0.0464577966144558,0.034710434383394,"14469/15944/20128/100038882/15894/19106/24088/15163/12363",9
"466","GO:0032651","regulation of interleukin-1 beta production","4/119","69/9707",0.0100628715477922,0.0465785706622055,0.0348006693916193,"24088/12362/12363/20302",4
"467","GO:0002455","humoral immune response mediated by circulating immunoglobulin","3/119","37/9707",0.0103066436077922,0.0473009154510803,0.0353403613964834,"19264/12258/12266",3
"468","GO:0045429","positive regulation of nitric oxide biosynthetic process","3/119","37/9707",0.0103066436077922,0.0473009154510803,0.0353403613964834,"15894/24088/19288",3
"469","GO:0048246","macrophage chemotaxis","3/119","37/9707",0.0103066436077922,0.0473009154510803,0.0353403613964834,"20304/20296/20302",3
"470","GO:0050687","negative regulation of defense response to virus","3/119","37/9707",0.0103066436077922,0.0473009154510803,0.0353403613964834,"15944/20128/14190",3
"471","GO:0046209","nitric oxide metabolic process","4/119","70/9707",0.0105738205596493,0.0481240340369722,0.0359553454410875,"15894/24088/19288/12257",4
"472","GO:0002371","dendritic cell cytokine production","2/119","13/9707",0.010642171643781,0.0481240340369722,0.0359553454410875,"69550/24088",2
"473","GO:0010819","regulation of T cell chemotaxis","2/119","13/9707",0.010642171643781,0.0481240340369722,0.0359553454410875,"15945/20304",2
"474","GO:0014004","microglia differentiation","2/119","13/9707",0.010642171643781,0.0481240340369722,0.0359553454410875,"16409/24088",2
"475","GO:0038094","Fc-gamma receptor signaling pathway","2/119","13/9707",0.010642171643781,0.0481240340369722,0.0359553454410875,"19264/14127",2
"476","GO:0045591","positive regulation of regulatory T cell differentiation","2/119","13/9707",0.010642171643781,0.0481240340369722,0.0359553454410875,"16859/16186",2
"477","GO:0070431","nucleotide-binding oligomerization domain containing 2 signaling pathway","2/119","13/9707",0.010642171643781,0.0481240340369722,0.0359553454410875,"15944/65221",2
"478","GO:0043547","positive regulation of GTPase activity","6/119","152/9707",0.0108803829881186,0.0490982972915728,0.0366832555710406,"20293/20304/15894/20306/20296/20302",6
"479","GO:1904407","positive regulation of nitric oxide metabolic process","3/119","38/9707",0.0110916055102018,0.0498863663542412,0.0372720527478922,"15894/24088/19288",3
"480","GO:2001057","reactive nitrogen species metabolic process","4/119","71/9707",0.0111012776309855,0.0498863663542412,0.0372720527478922,"15894/24088/19288/12257",4
